"Rk","Player","Age","Team","Pos","GP","G","A","PTS","+/-","PIM","EVG","PPG","SHG","GWG","EVA","PPA","SHA","SOG","SPCT","TSA","TOI","ATOI","FOW","FOL","FO%","BLK","HIT","TAKE","GIVE","Primary Key"
1,Nathan MacKinnon,29,COL,C,44,15,53,68,15,25,12,3,0,3,36,17,0,166,9.0,311,1018.92,23.15,383,410,48.3,39,23,14,72,mackina01
2,Leon Draisaitl,29,EDM,C,43,31,33,64,27,14,24,7,0,9,23,10,0,136,22.0,228,920.12,21.4,428,329,56.5,17,11,20,47,draisle01
3,Nikita Kucherov,31,TBL,RW,39,20,42,62,16,25,18,2,0,5,20,22,0,135,14.0,283,826.43,21.18,0,0,,17,17,12,64,kucheni01
4,Mikko Rantanen,28,COL,RW,44,25,35,60,12,24,17,8,0,5,25,10,0,123,20.0,253,989.35,22.48,98,89,52.4,27,25,21,43,rantami01
5,Mitch Marner,27,TOR,RW,44,14,45,59,2,10,8,5,1,4,28,17,0,106,13.0,227,942.88,21.43,3,11,21.4,21,23,34,60,marnemi01
6,Connor McDavid,28,EDM,C,40,17,42,59,11,14,11,6,0,3,30,12,0,124,13.0,228,874.47,21.87,212,243,46.6,6,25,17,47,mcdavco01
7,Kyle Connor,28,WPG,LW,44,23,32,55,6,21,13,9,1,5,22,10,0,146,15.0,261,884.95,20.12,0,7,0.0,22,5,16,46,connoky01
8,Jack Eichel,28,VEG,C,42,11,43,54,25,6,9,1,1,1,27,15,1,127,8.0,229,878.72,20.92,311,348,47.2,28,14,17,47,eicheja01
9,Jack Hughes,23,NJD,C,45,17,35,52,10,6,12,5,0,6,17,17,1,168,10.0,342,934.95,20.78,176,287,38.0,22,5,17,63,hugheja03
10,Jesper Bratt,26,NJD,W,45,15,36,51,11,14,10,4,1,0,20,16,0,102,14.0,211,841.63,18.7,0,3,0.0,23,48,5,24,brattje01
11,Sam Reinhart,29,FLA,C,44,27,24,51,10,12,13,9,5,1,15,8,1,115,23.0,220,911.32,20.72,131,191,40.7,37,55,16,43,reinhsa01
12,Kirill Kaprizov,27,MIN,LW,34,23,27,50,21,14,20,3,0,4,19,8,0,120,19.0,250,768.97,22.62,0,2,0.0,14,11,9,50,kapriki01
13,Travis Konecny,27,PHI,C,44,20,30,50,-2,37,11,8,1,2,25,4,1,108,18.0,215,915.4,20.8,19,31,38.0,25,56,18,49,konectr01
14,Martin Necas,26,CAR,C,44,15,35,50,1,10,8,7,0,5,21,14,0,103,14.0,213,799.25,18.17,47,74,38.8,15,34,15,45,necasma01
15,Mark Scheifele,31,WPG,C,44,25,25,50,4,27,20,5,0,6,14,11,0,99,25.0,187,901.45,20.48,317,335,48.6,36,36,14,56,scheima01
16,Cale Makar,26,COL,D,44,13,36,49,12,8,6,6,1,3,22,14,0,132,9.0,318,1129.25,25.67,0,0,,70,36,36,59,makarca01
17,Sidney Crosby,37,PIT,C,45,12,36,48,-14,19,6,6,0,3,25,11,0,134,9.0,249,913.42,20.3,581,465,55.5,22,41,17,41,crosbsi01
18,Brandon Hagel,26,TBL,LW,41,20,28,48,18,32,18,0,2,1,20,5,3,116,17.0,223,874.88,21.33,6,9,40.0,34,23,15,58,hagelbr01
19,Zach Werenski,27,CBJ,D,43,13,35,48,8,25,8,5,0,3,20,14,1,166,7.0,332,1141.48,26.55,0,0,,73,10,27,60,werenza01
20,Quinn Hughes,25,VAN,D,38,9,38,47,15,25,8,1,0,1,21,17,0,113,8.0,299,960.65,25.28,0,0,,38,5,16,43,hughequ01
21,Kirill Marchenko,24,CBJ,RW,43,18,29,47,25,12,16,2,0,1,16,13,0,125,14.0,250,803.45,18.68,11,23,32.4,19,34,20,54,marchki01
22,Brayden Point,28,TBL,C,37,25,22,47,5,2,13,12,0,6,14,8,0,86,29.0,158,730.05,19.73,215,219,49.5,20,9,9,20,pointbr01
23,Lucas Raymond,22,DET,LW,42,17,29,46,-5,12,12,4,1,3,11,18,0,85,20.0,184,794.57,18.92,0,2,0.0,18,22,15,34,raymolu01
24,Dylan Strome,27,WSH,C,43,12,34,46,10,20,9,3,0,1,18,16,0,73,16.0,142,760.98,17.7,387,320,54.7,29,14,13,36,stromdy01
25,Artemi Panarin,33,NYR,LW,40,17,28,45,-7,12,11,6,0,1,19,9,0,120,14.0,295,786.35,19.67,0,1,0.0,7,9,8,46,panarar01
26,David Pastrnak,28,BOS,RW,45,19,26,45,-10,26,14,5,0,4,21,5,0,183,10.0,345,894.87,19.88,2,4,33.3,9,21,20,66,pastrda01
27,Sebastian Aho,27,CAR,F,44,13,31,44,-3,30,10,2,1,4,16,14,1,116,11.0,247,882.47,20.05,368,283,56.5,22,41,10,50,ahose01
28,William Nylander,28,TOR,C,44,24,20,44,-5,14,17,7,0,5,8,12,0,144,16.0,260,860.35,19.55,50,58,46.3,14,3,16,38,nylanwi01
29,Tim Stutzle,23,OTT,LW,42,14,29,43,6,20,12,2,0,0,15,14,0,84,16.0,163,828.42,19.72,66,117,36.1,28,70,12,37,stuetti02
30,Nick Suzuki,25,MTL,C,42,13,30,43,3,4,11,2,0,5,18,12,0,86,15.0,165,818.38,19.48,306,317,49.1,36,31,16,38,suzukni01
31,Jake Guentzel,30,TBL,C,40,21,21,42,10,12,12,9,0,1,18,3,0,105,20.0,166,806.42,20.17,105,102,50.7,32,15,16,41,guentja01
32,John Tavares,34,TOR,C,43,20,22,42,3,22,13,7,0,6,20,2,0,124,16.0,204,787.23,18.3,423,321,56.9,25,52,13,36,tavarjo01
33,Clayton Keller,26,UTA,C,41,14,27,41,-3,16,10,4,0,3,15,12,0,106,13.0,216,777.88,18.97,9,18,33.3,12,6,17,42,kellecl01
34,Sean Monahan,30,CBJ,C,41,14,27,41,17,14,10,4,0,2,20,5,2,106,13.0,179,797.3,19.45,456,430,51.5,24,18,8,41,monahse01
35,Cole Caufield,24,MTL,RW,42,23,17,40,-2,14,16,7,0,3,13,4,0,125,18.0,224,749.97,17.85,1,4,20.0,14,35,13,36,caufico01
36,An≈æe Kopitar,37,LAK,C,41,12,28,40,18,2,9,3,0,5,19,8,1,54,22.0,105,796.33,19.42,456,363,55.7,28,12,21,34,kopitan01
37,Matthew Tkachuk,27,FLA,LW,39,14,26,40,-6,44,6,8,0,1,16,10,0,112,12.0,226,698.02,17.9,0,2,0.0,10,64,9,40,tkachma01
38,Connor Bedard,19,CHI,C,44,12,27,39,-21,20,7,5,0,3,14,13,0,104,11.0,205,869.27,19.75,109,232,32.0,23,19,12,45,bedarco01
39,Adrian Kempe,28,LAK,LW,41,20,19,39,20,18,17,2,1,2,14,5,0,116,17.0,238,799.67,19.5,7,9,43.8,18,46,6,40,kempead01
40,Josh Morrissey,29,WPG,D,44,5,34,39,11,22,4,1,0,0,19,15,0,90,5.0,223,1064.53,24.2,0,0,,70,27,18,40,morrijo04
41,Aleksander Barkov,29,FLA,C,34,11,27,38,2,10,5,5,1,1,15,9,3,76,14.0,156,694.3,20.42,312,205,60.3,33,43,15,23,barkoal01
42,Drake Batherson,26,OTT,C,42,14,24,38,-3,14,6,8,0,2,13,11,0,90,15.0,177,765.9,18.23,6,7,46.2,16,66,13,27,bathedr01
43,Matt Duchene,34,DAL,C,42,16,22,38,10,6,13,3,0,4,14,8,0,76,21.0,153,720.33,17.15,204,166,55.1,10,15,13,39,duchema01
44,Jordan Kyrou,26,STL,C,44,19,19,38,8,8,14,5,0,3,14,5,0,130,14.0,265,788.83,17.93,4,9,30.8,22,25,13,46,kyroujo01
45,Rickard Rakell,31,PIT,RW,45,22,16,38,-10,8,18,4,0,1,10,6,0,111,19.0,221,851.58,18.92,1,3,25.0,49,73,9,45,rakelri01
46,Marco Rossi,23,MIN,C,44,16,22,38,17,12,12,4,0,1,18,4,0,81,19.0,155,802.75,18.25,268,277,49.2,23,29,10,30,rossima01
47,Mark Stone,32,VEG,RW,29,12,26,38,21,2,9,3,0,2,15,10,1,59,20.0,94,565.37,19.5,2,2,50.0,14,20,18,35,stonema01
48,Brady Tkachuk,25,OTT,LW,42,18,20,38,1,73,9,9,0,4,14,6,0,166,10.0,302,769.55,18.32,115,110,51.1,25,145,8,27,tkachbr01
49,Gabriel Vilardi,25,WPG,C,44,19,19,38,2,10,9,10,0,3,10,9,0,84,22.0,151,807.82,18.37,61,56,52.1,27,9,18,26,vilarga01
50,Matt Boldy,23,MIN,LW,44,16,21,37,5,33,12,4,0,8,16,5,0,148,10.0,292,867.7,19.72,41,46,47.1,31,27,27,40,boldyma01
51,Dylan Larkin,28,DET,C,42,18,19,37,-6,28,8,10,0,2,12,7,0,117,15.0,242,841.03,20.02,468,349,57.3,7,21,17,47,larkidy01
52,Anthony Cirelli,27,TBL,C,40,17,19,36,21,16,12,2,3,1,15,2,2,82,20.0,143,743.02,18.58,335,318,51.3,37,15,12,33,cirelan01
53,Logan Cooley,20,UTA,C,42,11,25,36,4,22,5,6,0,1,18,7,0,82,13.0,164,722.95,17.22,193,235,45.1,18,29,15,40,coolelo01
54,Alex DeBrincat,27,DET,RW,42,19,17,36,-8,10,11,8,0,3,8,9,0,107,17.0,200,729.67,17.37,17,19,47.2,16,15,14,33,debrial01
55,Nikolaj Ehlers,28,WPG,LW,35,14,22,36,5,4,10,4,0,3,12,10,0,85,16.0,163,547.93,15.65,2,8,20.0,12,22,7,32,ehlerni01
56,Mikael Granlund,32,SJS,C,43,11,25,36,-6,18,7,3,1,0,16,9,0,110,10.0,211,911.68,21.2,257,288,47.2,31,34,12,51,granlmi01
57,Nico Hischier,26,NJD,C,45,19,17,36,13,12,13,6,0,2,9,7,1,123,15.0,218,918.87,20.42,599,487,55.2,42,27,16,31,hischni01
58,Aliaksei Protas,24,WSH,C,43,18,18,36,23,12,17,0,1,3,18,0,0,76,23.0,139,694.9,16.17,6,13,31.6,19,12,12,30,protaal01
59,Filip Forsberg,30,NSH,C,42,11,24,35,-14,22,6,5,0,1,15,9,0,141,7.0,320,793.33,18.88,1,7,12.5,27,80,26,59,forsbfi01
60,Anders Lee,34,NYI,LW,42,19,16,35,11,16,16,3,0,2,14,2,0,129,14.0,203,720.62,17.15,5,9,35.7,18,60,6,30,leean01
61,Jason Robertson,25,DAL,LW,42,11,24,35,3,8,8,3,0,1,19,5,0,106,10.0,219,746.57,17.78,4,6,40.0,24,27,14,35,roberja01
62,Shea Theodore,29,VEG,D,42,4,31,35,4,14,4,0,0,1,17,14,0,80,5.0,213,913.85,21.77,0,0,,52,4,22,67,theodsh01
63,Dylan Guenther,21,UTA,RW,40,16,18,34,4,18,9,7,0,3,9,9,0,98,16.0,237,650.7,16.27,6,9,40.0,24,22,12,25,guentdy01
64,Tage Thompson,27,BUF,C,38,19,15,34,-2,13,15,4,0,1,9,6,0,116,16.0,249,718.85,18.92,187,265,41.4,15,39,14,19,thompta01
65,Pierre-Luc Dubois,26,WSH,LW,43,7,26,33,11,32,7,0,0,2,21,5,0,68,10.0,156,742.07,17.25,322,319,50.2,35,38,5,30,duboipi01
66,Adam Fox,26,NYR,D,42,2,31,33,2,22,1,1,0,1,18,13,0,68,2.0,186,993.8,23.67,0,0,,61,27,26,43,foxad01
67,Brad Marchand,36,BOS,LW,45,15,18,33,-7,32,13,2,0,4,12,6,0,134,11.0,254,838.33,18.63,3,6,33.3,18,45,10,44,marchbr03
68,Bryan Rust,32,PIT,RW,38,16,17,33,-20,12,14,2,0,4,13,4,0,102,15.0,173,747.07,19.67,3,2,60.0,34,35,11,32,rustbr01
69,Troy Terry,27,ANA,C,39,14,19,33,2,8,10,4,0,3,16,3,0,102,13.0,202,737.78,18.92,4,15,21.1,14,5,14,35,terrytr01
70,Robert Thomas,25,STL,C,32,11,22,33,5,14,9,1,1,2,17,5,0,72,15.0,149,647.42,20.23,357,277,56.3,27,5,10,53,thomaro01
71,Tom Wilson,30,WSH,RW,43,19,14,33,9,38,10,9,0,3,10,3,1,98,19.0,196,815.68,18.97,3,5,37.5,41,130,10,45,wilsoto01
72,Evan Bouchard,25,EDM,D,43,7,25,32,12,14,7,0,0,0,15,10,0,117,6.0,286,1013.95,23.58,0,0,,68,17,28,70,bouchev01
73,Victor Hedman,34,TBL,D,39,6,26,32,9,22,5,1,0,1,14,12,0,92,6.0,235,907.08,23.27,0,0,,64,20,13,55,hedmavi01
74,Dylan Holloway,23,STL,C,44,15,17,32,11,8,13,2,0,4,13,4,0,106,14.0,184,708.72,16.1,49,76,39.2,28,89,19,40,hollody01
75,Jonathan Huberdeau,31,CGY,LW,42,18,14,32,-7,20,12,5,1,4,8,5,1,74,24.0,129,782.92,18.63,7,16,30.4,33,28,13,46,huberjo01
76,Lane Hutson,20,MTL,D,42,3,29,32,-7,22,3,0,0,0,15,14,0,49,6.0,159,954.68,22.73,0,0,,54,21,22,55,hutsola01
77,Evgeni Malkin,38,PIT,C,41,8,24,32,-17,18,6,2,0,2,16,8,0,71,11.0,153,762.25,18.58,149,203,42.3,29,20,13,45,malkiev01
78,Jared McCann,28,SEA,C,44,13,19,32,6,8,11,2,0,1,14,5,0,107,12.0,244,781.57,17.77,19,22,46.3,30,22,16,39,mccanja01
79,Connor McMichael,24,WSH,C,43,17,15,32,7,20,13,4,0,4,10,4,1,102,16.0,191,756.52,17.6,23,29,44.2,20,18,14,42,mcmicco01
80,Alex Ovechkin,39,WSH,LW,27,20,12,32,13,10,15,5,0,4,8,4,0,99,20.0,193,471.98,17.48,0,0,,6,56,9,18,ovechal01
81,JJ Peterka,23,BUF,RW,41,10,22,32,-8,10,7,3,0,1,15,7,0,86,11.0,207,735.6,17.93,2,4,33.3,7,19,11,39,peterjo01
82,Andrei Svechnikov,24,CAR,RW,44,15,17,32,-3,34,6,9,0,1,11,6,0,123,12.0,252,770.93,17.52,1,1,50.0,12,86,13,65,svechan01
83,Rasmus Dahlin,24,BUF,D,35,6,25,31,2,24,3,3,0,1,15,10,0,99,6.0,225,858.48,24.53,0,0,,52,40,14,42,dahlira01
84,William Eklund,22,SJS,LW,40,9,22,31,1,6,4,5,0,1,17,4,1,73,12.0,162,787.37,19.68,9,18,33.3,26,26,10,42,eklunwi01
85,Seth Jarvis,22,CAR,C,37,13,18,31,-3,10,8,4,1,0,10,7,1,99,13.0,195,712.55,19.25,34,68,33.3,26,58,14,37,jarvise01
86,Erik Karlsson,34,PIT,D,45,4,27,31,-14,18,3,1,0,0,17,10,0,112,3.0,292,1028.6,22.85,0,0,,59,14,20,74,karlser01
87,Jonathan Marchessault,34,NSH,C,42,14,17,31,-11,31,11,3,0,2,7,10,0,127,11.0,217,763.2,18.17,10,32,23.8,12,57,5,55,audymjo01
88,Auston Matthews,27,TOR,C,29,14,17,31,-2,12,10,4,0,1,11,6,0,114,12.0,213,589.88,20.33,307,235,56.6,39,19,10,31,matthau01
89,Matvei Michkov,20,PHI,RW,42,13,18,31,-13,38,7,6,0,3,10,8,0,91,14.0,164,691.82,16.47,15,17,46.9,8,16,9,40,michkma01
90,Nick Schmaltz,28,UTA,C,42,8,23,31,-11,6,5,3,0,1,16,7,0,92,8.0,192,789.4,18.8,66,66,50.0,19,8,15,55,schmani01
91,Teuvo Teravainen,30,CHI,F,44,10,21,31,-10,4,5,5,0,0,11,9,1,66,15.0,120,727.62,16.53,19,28,40.4,18,8,8,38,teravte01
92,Alex Tuch,28,BUF,RW,43,14,17,31,13,25,11,0,3,1,13,4,0,94,14.0,197,834.95,19.42,52,75,40.9,66,33,23,33,tuchal01
93,Jason Zucker,33,BUF,LW,43,15,16,31,-1,39,7,8,0,2,10,6,0,77,19.0,153,685.57,15.95,19,29,39.6,13,44,11,40,zuckeja01
94,Ivan Barbashev,29,VEG,C,33,15,15,30,11,6,14,1,0,3,15,0,0,57,26.0,109,550.78,16.68,4,7,36.4,18,67,12,35,barbaiv01
95,Jamie Benn,35,DAL,LW,42,12,18,30,4,54,11,1,0,4,12,6,0,81,14.0,143,661.77,15.75,192,143,57.3,25,61,7,30,bennja01
96,Conor Garland,28,VAN,RW,42,11,19,30,-3,19,7,4,0,2,13,6,0,96,11.0,185,818.45,19.48,4,8,33.3,26,28,15,36,garlaco01
97,Bo Horvat,29,NYI,C,41,13,17,30,11,4,11,1,1,3,16,1,0,120,10.0,225,813.12,19.83,355,243,59.4,16,48,9,50,horvabo01
98,Wyatt Johnston,21,DAL,C,42,10,20,30,7,12,7,2,1,1,15,5,0,114,8.0,220,809.2,19.27,214,226,48.6,22,22,19,29,johnswy01
99,Carter Verhaeghe,29,FLA,C,44,10,20,30,-21,28,7,3,0,3,9,11,0,131,7.0,275,808.37,18.37,9,19,32.1,18,64,16,48,verhaca01
100,Dmitri Voronkov,24,CBJ,LW,34,17,13,30,14,37,10,7,0,1,12,1,0,71,23.0,119,577.87,17.0,11,14,44.0,21,25,4,27,vorondi01
101,Mats Zuccarello,37,MIN,LW,31,11,19,30,9,12,9,2,0,3,15,4,0,63,17.0,120,584.38,18.85,12,12,50.0,20,12,11,30,zuccama01
102,Pavel Buchnevich,29,STL,LW,42,11,18,29,4,11,10,1,0,0,12,5,1,80,13.0,165,790.47,18.82,76,134,36.2,20,29,7,40,buchnpa01
103,Macklin Celebrini,18,SJS,F,33,13,16,29,-13,14,9,4,0,3,12,4,0,109,11.0,206,652.53,19.77,209,230,47.6,23,18,12,47,celebma01
104,Jakob Chychrun,26,WSH,D,38,12,17,29,15,30,8,4,0,3,10,7,0,86,14.0,234,786.65,20.7,0,0,,49,27,16,42,chychja01
105,Jake DeBrusk,28,VAN,LW,42,17,12,29,-1,10,10,7,0,2,9,3,0,88,19.0,159,698.1,16.62,4,12,25.0,26,61,9,26,debruja01
106,Tomas Hertl,31,VEG,C,43,12,17,29,-10,12,5,7,0,2,11,6,0,101,11.0,183,737.52,17.15,293,210,58.3,34,57,17,29,hertlto01
107,Nazem Kadri,34,CGY,C,42,15,14,29,-13,42,13,2,0,2,7,7,0,144,10.0,271,786.68,18.73,336,410,45.0,18,30,17,34,kadrina01
108,Timo Meier,28,NJD,RW,44,14,15,29,11,50,11,3,0,2,12,3,0,131,10.0,284,758.72,17.25,4,7,36.4,31,74,9,35,meierti01
109,J.T. Miller,31,VAN,C,32,8,21,29,-3,28,7,1,0,1,12,9,0,65,12.0,124,577.78,18.05,322,234,57.9,19,73,11,28,millejt01
110,Elias Pettersson,26,VAN,C,36,10,19,29,-3,10,5,5,0,1,15,4,0,67,14.0,147,687.1,19.08,245,291,45.7,44,34,15,26,petteel01
111,Jaden Schwartz,32,SEA,C,44,13,16,29,-1,16,10,3,0,5,13,3,0,101,12.0,182,779.5,17.72,10,17,37.0,24,27,22,22,schwaja01
112,Mikhail Sergachev,26,UTA,D,42,8,21,29,-6,18,6,2,0,3,11,10,0,70,11.0,196,1086.58,25.87,0,0,,78,23,19,72,sergami01
113,Chandler Stephenson,30,SEA,C,43,5,24,29,-9,14,4,1,0,0,12,12,0,41,12.0,80,853.83,19.85,442,418,51.4,24,16,19,35,stephch02
114,Vincent Trocheck,31,NYR,C,42,14,15,29,-4,34,9,4,1,3,9,6,0,112,12.0,193,909.18,21.65,494,329,60.0,43,130,24,50,trochvi01
115,Sam Bennett,28,FLA,C,42,13,15,28,-14,53,10,3,0,1,12,3,0,116,11.0,215,719.92,17.13,273,308,47.0,29,92,16,24,bennesa01
116,Oliver Bjorkstrand,29,SEA,RW,43,13,15,28,1,9,9,4,0,1,12,3,0,95,13.0,171,666.57,15.5,2,3,40.0,9,44,15,33,bjorkol01
117,Claude Giroux,37,OTT,C,42,9,19,28,5,14,7,2,0,1,12,6,1,81,11.0,132,784.62,18.68,316,205,60.7,21,38,8,35,giroucl01
118,Dougie Hamilton,31,NJD,D,45,5,23,28,4,22,1,4,0,2,15,8,0,134,3.0,296,898.78,19.97,0,0,,56,49,16,70,hamildo01
119,Roman Josi,34,NSH,D,38,8,20,28,-23,14,7,1,0,1,9,11,0,113,7.0,267,954.27,25.12,0,0,,68,35,20,58,josiro01
120,Anton Lundell,23,FLA,C,43,9,19,28,3,24,6,2,1,1,16,3,0,88,10.0,166,737.33,17.15,305,287,51.5,33,69,17,34,lundean01
121,Stefan Noesen,31,NJD,RW,45,17,11,28,-2,21,9,8,0,5,8,3,0,99,17.0,167,714.85,15.88,31,26,54.4,15,94,10,41,noesest01
122,Neal Pionk,29,WPG,D,44,5,23,28,7,30,2,3,0,1,16,6,1,71,7.0,180,973.8,22.13,0,0,,72,69,19,50,pionkne01
123,Fabian Zetterlund,25,SJS,W,45,12,16,28,7,8,9,3,0,0,14,2,0,94,12.0,199,794.57,17.65,24,14,63.2,45,81,16,33,zettefa01
124,Brock Boeser,27,VAN,RW,35,15,12,27,-6,14,10,5,0,1,7,5,0,66,22.0,144,620.1,17.72,6,20,23.1,11,33,12,17,boesebr01
125,John Carlson,35,WSH,D,43,3,24,27,16,12,2,1,0,0,16,8,0,95,3.0,228,1030.9,23.97,0,0,,79,33,18,60,carlsjo01
126,Shayne Gostisbehere,31,CAR,D,36,6,21,27,-6,16,2,4,0,0,7,14,0,69,8.0,183,685.42,19.03,0,0,,30,30,21,39,gostish01
127,Roope Hintz,28,DAL,LW,41,19,8,27,4,16,15,4,0,4,6,2,0,98,19.0,169,707.5,17.25,230,199,53.6,22,24,12,46,hintzro01
128,Patrick Kane,36,DET,RW,37,10,17,27,-4,8,5,5,0,4,10,7,0,81,12.0,167,636.83,17.22,1,3,25.0,7,9,9,42,kanepa01
129,Matthew Knies,22,TOR,LW,42,16,11,27,-3,20,15,1,0,1,7,4,0,72,22.0,130,768.63,18.3,0,1,0.0,18,93,6,22,kniesma01
130,Mason Marchment,29,DAL,F,33,12,15,27,9,35,11,1,0,3,10,5,0,80,15.0,148,510.4,15.47,5,9,35.7,8,44,12,36,marchma01
131,Kyle Palmieri,33,NYI,RW,42,12,15,27,-8,12,10,2,0,1,11,3,1,85,14.0,177,777.02,18.5,9,10,47.4,15,26,13,16,palmiky01
132,Mika Zibanejad,31,NYR,C,42,8,19,27,-21,14,6,2,0,0,10,8,1,94,8.0,197,766.83,18.25,308,302,50.5,27,15,18,40,zibanmi01
133,Alex Laferriere,23,LAK,RW,41,13,13,26,11,14,11,2,0,4,11,2,0,91,14.0,197,674.28,16.45,12,22,35.3,16,75,11,25,laferal01
134,Casey Mittelstadt,26,COL,C,44,8,18,26,-15,14,7,1,0,2,9,9,0,61,13.0,107,799.72,18.18,246,362,40.5,21,16,10,47,mitteca01
135,Moritz Seider,23,DET,D,42,4,22,26,0,20,4,0,0,0,11,11,0,81,4.0,171,1050.02,25.0,0,0,,98,103,15,45,seidemo01
136,Owen Tippett,25,PHI,RW,44,12,14,26,-13,14,12,0,0,1,8,6,0,115,10.0,268,738.13,16.78,5,9,35.7,37,67,18,33,tippeow01
137,Tyler Toffoli,32,SJS,C,45,15,11,26,-14,6,12,3,0,1,5,6,0,126,11.0,220,748.38,16.63,7,8,46.7,17,26,13,29,toffoty01
138,Jake Walman,28,SJS,D,32,5,21,26,3,22,5,0,0,1,15,6,0,85,5.0,196,730.05,22.82,0,0,,48,31,17,32,walmaja01
139,Michael Bunting,29,PIT,LW,43,13,12,25,-13,42,5,8,0,1,8,4,0,84,15.0,173,643.12,14.95,4,4,50.0,9,48,9,22,buntimi01
140,Zach Hyman,32,EDM,LW,38,14,11,25,7,16,9,5,0,5,7,4,0,104,13.0,186,728.77,19.18,1,2,33.3,13,34,9,24,hymanza01
141,Adam Lowry,31,WPG,LW,44,10,15,25,16,14,10,0,0,4,13,0,2,61,16.0,117,686.45,15.6,386,360,51.7,36,83,15,27,lowryad01
142,Brock Nelson,33,NYI,C,42,12,13,25,1,6,9,1,2,2,13,0,0,105,11.0,200,802.22,19.1,345,296,53.8,22,17,19,26,nelsobr01
143,Ryan O'Reilly,33,NSH,C,39,12,13,25,-15,11,6,6,0,3,10,3,0,72,16.0,129,737.27,18.9,358,293,55.0,37,13,15,31,oreilry01
144,Jack Roslovic,28,CAR,C,44,17,8,25,-2,4,16,1,0,2,7,1,0,84,20.0,164,631.33,14.35,39,44,47.0,12,7,15,36,rosloja01
145,Steven Stamkos,34,NSH,C,42,12,13,25,-14,22,5,7,0,3,8,5,0,88,13.0,181,755.18,17.98,203,211,49.0,25,34,10,22,stamkst01
146,William Cuylle,22,NYR,LW,42,11,13,24,8,21,10,0,1,1,12,1,0,77,14.0,132,624.07,14.87,7,10,41.2,22,156,6,25,cuyllwi01
147,Ryan Donato,28,CHI,C,42,13,11,24,-7,26,12,1,0,2,7,4,0,102,12.0,182,621.37,14.8,103,126,45.0,6,76,15,15,donatry01
148,Pavel Dorofeyev,24,VEG,LW,43,16,8,24,-5,10,9,7,0,3,8,0,0,126,12.0,200,695.65,16.18,0,4,0.0,24,11,12,31,dorofpa01
149,Kent Johnson,22,CBJ,C,29,11,13,24,-6,6,9,1,1,1,4,8,1,55,20.0,107,507.27,17.5,0,4,0.0,8,1,12,27,johnske01
150,Alexis Lafreniere,23,NYR,LW,42,11,13,24,-12,20,9,2,0,2,13,0,0,101,10.0,185,749.65,17.85,10,15,40.0,13,58,13,31,lafreal01
151,Joshua Norris,25,OTT,C,42,15,9,24,-10,28,9,5,1,4,4,5,0,82,18.0,149,786.0,18.72,311,264,54.1,36,112,11,24,norrijo01
152,Ryan Nugent-Hopkins,31,EDM,C,42,11,13,24,0,10,6,5,0,3,8,5,0,87,12.0,156,807.28,19.22,114,91,55.6,26,14,17,22,nugenry01
153,Colton Parayko,31,STL,D,44,8,16,24,0,6,6,1,1,2,15,0,1,82,9.0,166,1073.57,24.4,0,0,,107,67,19,61,parayco01
154,Nick Paul,29,TBL,LW,35,11,13,24,1,20,10,1,0,2,9,3,1,59,18.0,117,577.63,16.5,210,211,49.9,16,31,9,21,paulni01
155,Jake Sanderson,22,OTT,D,42,2,22,24,-14,6,1,1,0,1,6,14,2,87,2.0,193,1020.37,24.3,0,0,,85,25,33,52,sandeja01
156,Brayden Schenn,33,STL,C,44,8,16,24,-2,37,7,1,0,4,15,1,0,87,9.0,159,774.92,17.62,326,329,49.8,31,100,9,30,schenbr01
157,Ryan Strome,31,ANA,C,43,7,17,24,-2,25,7,0,0,2,13,4,0,76,9.0,144,724.35,16.85,269,374,41.8,26,26,10,39,stromry01
158,Frank Vatrano,30,ANA,LW,42,11,13,24,-5,28,9,2,0,1,11,2,0,132,8.0,230,750.7,17.87,5,10,33.3,31,110,7,23,vatrafr01
159,Matty Beniers,22,SEA,C,44,8,15,23,6,8,7,1,0,0,13,2,0,80,10.0,173,784.88,17.83,292,335,46.6,36,22,14,37,beniema01
160,Matthew Coronato,22,CGY,RW,37,10,13,23,11,13,8,2,0,1,6,7,0,89,11.0,171,618.68,16.72,25,32,43.9,14,18,10,32,coronma01
161,Jake Evans,28,MTL,C,42,10,13,23,7,8,7,0,3,4,12,0,1,39,25.0,91,657.68,15.67,280,276,50.4,23,59,7,32,evansja02
162,Warren Foegele,28,LAK,LW,41,11,12,23,19,8,11,0,0,4,12,0,0,92,12.0,172,650.13,15.85,10,7,58.8,26,35,22,32,foegewa01
163,Scott Laughton,30,PHI,C,44,9,14,23,-9,12,8,0,1,1,13,0,1,76,11.0,135,634.48,14.42,106,118,47.3,24,102,12,31,laughsc01
164,Brandon Montour,30,SEA,D,43,8,15,23,-2,35,5,3,0,1,12,3,0,124,6.0,291,1020.3,23.73,0,0,,49,48,13,50,montobr01
165,Nino Niederreiter,32,WPG,RW,44,11,12,23,17,18,10,1,0,1,8,4,0,88,12.0,151,635.3,14.43,14,17,45.2,23,86,7,30,niedeni01
166,Cole Perfetti,23,WPG,C,44,7,16,23,12,8,4,3,0,1,10,6,0,75,9.0,143,662.08,15.05,13,33,28.3,30,35,11,27,perfeco01
167,Travis Sanheim,28,PHI,D,44,6,17,23,3,28,6,0,0,0,14,2,1,82,7.0,179,1082.85,24.62,0,0,,101,36,29,63,sanhetr01
168,Cole Sillinger,21,CBJ,C,41,7,16,23,-14,29,4,2,1,1,14,1,1,98,7.0,162,716.53,17.48,210,209,50.1,23,55,16,36,sillico01
169,Juraj Slafkovsky,20,MTL,LW,39,4,19,23,-10,12,3,1,0,0,14,5,0,48,8.0,119,651.02,16.7,3,7,30.0,27,93,6,33,slafkju01
170,Jordan Staal,36,CAR,C,44,9,14,23,10,12,7,0,2,2,14,0,0,63,14.0,111,678.8,15.43,435,365,54.4,23,72,4,28,staaljo01
171,Tyler Bertuzzi,29,CHI,LW,44,14,8,22,-24,39,8,6,0,0,6,2,0,68,20.0,136,700.02,15.92,8,10,44.4,18,41,15,27,bertuty01
172,Bowen Byram,23,BUF,D,43,5,17,22,3,20,5,0,0,2,16,1,0,50,10.0,106,1008.65,23.45,0,0,,65,45,13,40,byrambo01
173,Brandt Clarke,21,LAK,D,41,3,19,22,9,28,1,2,0,0,14,5,0,81,3.0,159,715.43,17.45,0,0,,74,14,17,41,clarkbr02
174,Blake Coleman,33,CGY,C,42,9,13,22,0,14,7,2,0,2,12,0,1,99,9.0,190,730.17,17.38,29,23,55.8,37,83,21,45,colembl01
175,Evgenii Dadonov,35,DAL,RW,42,12,10,22,12,4,8,4,0,0,10,0,0,73,16.0,127,590.6,14.07,0,0,,20,25,4,30,dadonev01
176,Kevin Fiala,28,LAK,LW,40,14,8,22,-10,28,9,5,0,2,2,6,0,111,12.0,234,730.07,18.25,10,12,45.5,17,24,17,44,fialake01
177,Morgan Frost,25,PHI,C,40,10,12,22,-10,14,9,1,0,2,6,6,0,72,13.0,124,594.23,14.85,241,240,50.1,31,28,17,29,frostmo01
178,Matt Grzelcyk,31,PIT,D,45,1,21,22,-13,6,1,0,0,0,13,8,0,53,1.0,143,908.63,20.2,0,0,,59,20,15,39,grzelma01
179,Taylor Hall,33,CHI,LW,43,8,14,22,-17,16,7,1,0,1,12,2,0,77,10.0,160,650.87,15.13,29,37,43.9,27,23,23,39,hallta02
180,Simon Holmstrom,23,NYI,RW,37,9,13,22,2,6,8,1,0,0,10,2,1,42,21.0,105,611.17,16.52,0,2,0.0,28,10,5,24,holmssi01
181,Owen Power,22,BUF,D,43,5,17,22,-8,12,5,0,0,0,17,0,0,76,6.0,166,959.53,22.32,0,0,,67,15,16,40,powerow01
182,MacKenzie Weegar,31,CGY,D,42,5,17,22,8,18,3,2,0,0,10,6,1,91,5.0,232,982.92,23.4,0,0,,93,113,25,78,weegama01
183,Connor Zary,23,CGY,C,40,10,12,22,-6,10,9,1,0,2,4,8,0,83,12.0,163,652.1,16.3,81,144,36.0,20,20,7,27,zaryco01
184,Kaapo Kakko,23,SEA,RW,41,7,15,22,9,20,5,2,0,1,13,2,0,62,11.0,115,573.88,14.0,38,38,50.0,10,39,8,24,kakkoka01
185,Dylan Cozens,23,BUF,C,43,9,12,21,-17,45,8,1,0,1,11,1,0,95,9.0,173,749.22,17.42,328,341,49.0,29,87,10,39,cozendy01
186,Phillip Danault,31,LAK,C,40,3,18,21,5,10,3,0,0,1,17,0,1,62,4.0,123,708.0,17.7,322,274,54.0,34,36,13,45,danauph01
187,Noah Dobson,25,NYI,D,42,5,16,21,-3,14,5,0,0,0,9,6,1,127,3.0,263,1012.38,24.1,0,0,,77,35,25,61,dobsono01
188,Adam Fantilli,20,CBJ,C,43,10,11,21,-8,10,8,2,0,1,9,2,0,85,11.0,171,709.67,16.5,200,282,41.5,31,62,14,48,fantiad01
189,Noah Hanifin,28,VEG,D,43,6,15,21,5,10,5,1,0,1,14,1,0,82,7.0,160,929.32,21.62,0,0,,72,27,17,61,hanifno01
190,Thomas Harley,23,DAL,D,40,6,15,21,22,8,6,0,0,1,13,2,0,92,6.0,197,888.67,22.22,0,0,,52,16,11,56,harleth01
191,Brett Howden,26,VEG,C,43,15,6,21,9,20,14,0,1,3,6,0,0,73,20.0,115,656.23,15.27,82,80,50.6,34,80,17,22,howdebr01
192,Artturi Lehkonen,29,COL,LW,32,15,6,21,14,12,13,1,1,3,5,1,0,71,21.0,136,687.78,21.5,4,6,40.0,21,16,7,24,lehkoar01
193,Elias Lindholm,30,BOS,C,45,7,14,21,-6,10,6,1,0,2,8,5,1,71,9.0,152,814.62,18.1,425,353,54.6,48,76,13,23,lindhel01
194,Ryan McLeod,25,BUF,C,43,7,14,21,4,8,7,0,0,0,14,0,0,44,15.0,93,667.12,15.52,312,278,52.9,19,13,13,32,mcleory01
195,Dawson Mercer,23,NJD,C,45,10,11,21,10,12,7,2,1,2,10,1,0,76,13.0,143,796.3,17.7,13,17,43.3,31,27,14,33,merceda01
196,Jake Neighbours,22,STL,LW,44,11,10,21,-2,30,7,4,0,1,8,2,0,80,13.0,121,720.6,16.38,4,10,28.6,30,106,7,31,neighja01
197,Jean-Gabriel Pageau,32,NYI,C,40,9,12,21,7,14,7,1,1,1,10,1,1,73,12.0,128,694.2,17.35,262,185,58.6,26,87,10,26,pageaje01
198,Alex Pietrangelo,35,VEG,D,40,3,18,21,17,6,3,0,0,1,16,0,2,77,3.0,184,906.13,22.65,0,0,,70,31,14,62,pietral01
199,Eric Robinson,29,CAR,LW,44,10,11,21,8,8,10,0,0,1,11,0,0,54,18.0,105,529.02,12.02,6,14,30.0,7,64,2,20,robiner01
200,Kiefer Sherwood,29,VAN,RW,42,13,8,21,4,16,12,0,1,3,7,1,0,83,15.0,156,618.73,14.73,16,18,47.1,17,249,16,19,sherwki01
201,Pavel Zacha,27,BOS,C,45,9,12,21,-3,15,8,0,1,3,11,1,0,84,10.0,152,854.45,18.98,207,178,53.8,11,26,15,29,zachapa01
202,Quinton Byfield,22,LAK,C,41,9,11,20,7,20,8,1,0,2,10,1,0,78,11.0,169,740.87,18.07,181,236,43.4,12,37,15,32,byfiequ01
203,J.T. Compher,29,DET,LW,41,6,14,20,1,10,3,3,0,2,11,3,0,52,11.0,89,682.53,16.65,247,289,46.1,30,11,10,24,comphj.01
204,Sean Couturier,32,PHI,C,42,7,13,20,-3,21,7,0,0,1,12,1,0,75,9.0,132,721.68,17.18,373,289,56.3,27,30,13,40,coutuse01
205,Aaron Ekblad,28,FLA,D,41,2,18,20,3,39,2,0,0,1,9,7,2,76,2.0,211,964.57,23.53,0,0,,55,59,14,38,ekblaaa01
206,Brock Faber,22,MIN,D,41,5,15,20,13,13,4,1,0,1,9,6,0,53,9.0,142,1023.62,24.97,0,0,,54,15,14,54,faberbr01
207,Tyson Foerster,23,PHI,RW,43,12,8,20,-6,35,9,3,0,1,8,0,0,69,17.0,131,659.17,15.33,0,1,0.0,19,28,5,20,foersty01
208,Cutter Gauthier,21,ANA,LW,43,7,13,20,0,12,5,2,0,2,9,4,0,88,8.0,206,626.43,14.57,8,24,25.0,19,38,10,55,gauthcu01
209,Morgan Geekie,26,BOS,C,40,10,10,20,-4,10,8,2,0,2,7,3,0,80,12.0,152,617.82,15.45,75,96,43.9,14,65,16,29,geekimo01
210,Jackson LaCombe,24,ANA,D,36,8,12,20,3,4,7,1,0,0,10,2,0,70,11.0,126,725.03,20.13,0,0,,60,28,19,36,lacomja01
211,Jordan Martinook,32,CAR,LW,44,8,12,20,13,8,8,0,0,1,11,0,1,71,11.0,142,674.55,15.33,24,21,53.3,31,52,8,25,martijo01
212,Mike Matheson,30,MTL,D,40,2,18,20,-3,33,1,1,0,0,11,7,0,79,2.0,193,983.78,24.6,0,0,,83,25,34,48,mathemi01
213,Charlie McAvoy,27,BOS,D,45,5,15,20,2,44,3,1,1,1,13,2,0,86,5.0,180,1066.05,23.68,0,0,,77,86,22,64,mcavoch01
214,Vladislav Namestnikov,32,WPG,C,43,9,11,20,11,28,8,1,0,1,5,6,0,44,20.0,81,628.95,14.63,194,212,47.8,29,52,9,19,namesvl01
215,Dmitry Orlov,33,CAR,D,44,4,16,20,16,12,4,0,0,1,15,1,0,73,5.0,184,883.03,20.07,0,0,,30,61,13,50,orlovdm01
216,Morgan Rielly,30,TOR,D,44,5,15,20,-14,17,4,1,0,2,9,6,0,73,6.0,166,941.7,21.4,0,0,,62,17,9,54,riellmo01
217,Tyler Seguin,33,DAL,C,19,9,11,20,14,2,6,3,0,2,11,0,0,43,20.0,88,308.18,16.22,87,80,52.1,6,4,4,12,seguity01
218,Reilly Smith,33,NYR,RW,41,8,12,20,3,12,7,0,1,2,10,2,0,66,12.0,115,642.67,15.67,1,0,100.0,24,31,14,29,smithre01
219,Logan Stankoven,21,DAL,C,40,4,16,20,0,2,3,1,0,3,13,3,0,111,3.0,184,622.88,15.57,48,53,47.5,14,25,9,27,stanklo01
220,Devon Toews,30,COL,D,40,5,15,20,11,14,5,0,0,2,15,0,0,72,6.0,171,974.08,24.35,0,0,,52,20,14,41,toewsde01
221,Alexander Wennberg,30,SJS,C,44,8,12,20,-12,8,5,3,0,2,7,5,0,54,14.0,112,814.1,18.5,302,325,48.2,43,19,20,24,wennbal01
222,Shane Wright,21,SEA,C,41,8,12,20,-1,12,3,5,0,2,8,4,0,40,20.0,94,547.83,13.37,188,207,47.6,29,31,7,39,wrighsh01
223,Joel Armia,31,MTL,RW,42,7,12,19,4,16,6,0,1,0,9,3,0,62,11.0,139,619.03,14.73,2,8,20.0,21,55,11,19,armiajo01
224,Mikael Backlund,35,CGY,C,42,9,10,19,7,22,8,1,0,3,7,3,0,112,8.0,215,813.83,19.38,407,439,48.1,21,22,26,38,backlmi01
225,Justin Brazeau,26,BOS,F,43,10,9,19,-4,14,6,4,0,2,8,1,0,64,15.0,108,590.85,13.73,3,9,25.0,18,70,9,30,brazeju01
226,Bobby Brink,23,PHI,RW,41,4,15,19,-8,10,4,0,0,1,13,2,0,56,7.0,102,550.28,13.42,7,12,36.8,14,55,7,20,brinkbo01
227,Connor Brown,31,EDM,RW,43,6,13,19,4,4,5,0,1,1,12,0,1,59,10.0,109,581.87,13.53,10,12,45.5,24,10,18,30,brownco02
228,Noah Cates,25,PHI,LW,40,9,10,19,8,4,8,1,0,1,10,0,0,49,18.0,99,561.03,14.03,224,229,49.4,22,43,10,8,catesno01
229,Thomas Chabot,28,OTT,D,42,3,16,19,10,12,3,0,0,0,12,4,0,95,3.0,243,974.95,23.22,0,0,,68,32,20,55,chaboth01
230,Vince Dunn,28,SEA,D,24,8,11,19,-6,14,7,1,0,2,7,4,0,49,16.0,109,522.02,21.75,0,0,,32,19,8,34,dunnvi02
231,Ryker Evans,23,SEA,D,42,5,14,19,1,16,4,1,0,0,12,2,0,45,11.0,120,837.12,19.93,0,0,,67,65,7,42,evansry01
232,Nick Foligno,37,CHI,LW,43,11,8,19,-15,22,9,2,0,1,7,1,0,62,17.0,106,724.35,16.85,177,166,51.6,23,119,10,25,foligni01
233,Miro Heiskanen,25,DAL,D,42,5,14,19,10,10,5,0,0,0,9,5,0,95,5.0,248,1064.92,25.35,0,0,,73,13,26,52,heiskmi01
234,Keegan Kolesar,27,VEG,RW,43,10,9,19,8,30,10,0,0,2,8,0,1,52,19.0,96,583.58,13.57,3,3,50.0,29,135,8,20,koleske01
235,Mason Lohrei,24,BOS,D,40,2,17,19,-15,12,2,0,0,0,8,9,0,37,5.0,114,726.27,18.15,0,0,,50,9,16,50,lohrema01
236,Ondrej Palat,33,NJD,LW,44,10,9,19,4,6,10,0,0,1,8,1,0,60,16.0,115,606.3,13.78,4,13,23.5,33,75,18,32,palaton01
237,Ivan Provorov,28,CBJ,D,43,3,16,19,3,14,2,1,0,0,13,2,1,51,5.0,150,1008.23,23.45,0,0,,61,11,17,52,provoiv01
238,Evan Rodrigues,31,FLA,C,44,8,11,19,-6,18,6,2,0,1,9,2,0,80,10.0,162,690.03,15.68,39,55,41.5,13,68,13,34,rodriev01
239,Pius Suter,28,VAN,F,41,11,8,19,3,6,10,1,0,3,8,0,0,64,17.0,111,665.35,16.23,158,189,45.5,21,22,13,16,suterpi01
240,Maxim Tsyplakov,26,NYI,F,42,7,12,19,9,26,7,0,0,1,10,2,0,59,11.0,145,680.88,16.22,7,8,46.7,20,97,16,49,tsyplma01
241,Rasmus Andersson,28,CGY,D,42,6,12,18,-9,34,4,2,0,1,9,3,0,79,7.0,194,1022.48,24.35,0,0,,105,18,22,58,anderra01
242,Andrew Copp,30,DET,C,42,8,10,18,5,6,8,0,0,1,10,0,0,48,16.0,84,603.0,14.35,228,213,51.7,24,6,16,26,coppan01
243,Mattias Ekholm,34,EDM,D,43,6,12,18,15,14,3,3,0,1,11,1,0,98,6.0,236,982.53,22.85,0,0,,62,32,21,53,ekholma01
244,Joel Eriksson Ek,28,MIN,C,30,7,11,18,10,8,5,2,0,0,8,3,0,77,9.0,127,574.58,19.15,259,271,48.9,20,54,9,19,eriksjo02
245,Adam Gaudette,28,OTT,C,41,13,5,18,6,6,10,3,0,2,5,0,0,51,25.0,96,449.63,10.97,77,73,51.3,18,33,4,23,gaudead01
246,Samuel Girard,26,COL,D,42,2,16,18,6,10,2,0,0,1,15,1,0,55,3.0,130,889.15,21.17,0,0,,67,38,10,52,girarsa01
247,Barrett Hayton,24,UTA,C,42,8,10,18,6,19,7,1,0,3,9,1,0,59,13.0,132,649.2,15.45,286,241,54.3,26,13,7,24,haytoba01
248,Luke Hughes,21,NJD,D,36,3,15,18,-2,6,3,0,0,1,10,5,0,57,5.0,147,709.45,19.7,0,0,,23,11,17,40,hughelu01
249,William Karlsson,32,VEG,C,34,7,11,18,8,0,6,0,1,3,9,2,0,79,8.0,162,585.63,17.22,255,179,58.8,27,12,9,30,karlswi01
250,Alex Killorn,35,ANA,C,43,8,10,18,4,22,8,0,0,2,7,3,0,64,12.0,150,743.07,17.28,7,7,50.0,11,42,6,32,killoal01
251,Jesperi Kotkaniemi,24,CAR,C,44,6,12,18,4,28,6,0,0,0,11,1,0,70,8.0,120,608.48,13.83,203,204,49.9,20,41,10,32,kotkaje01
252,Mason McTavish,22,ANA,C,37,6,12,18,-5,26,4,2,0,0,8,4,0,73,8.0,141,603.38,16.3,234,240,49.4,23,37,5,23,mctavma01
253,Trevor Moore,29,LAK,LW,32,6,12,18,2,2,5,0,1,1,12,0,0,64,9.0,137,540.68,16.9,0,4,0.0,12,30,14,14,mooretr01
254,Darnell Nurse,29,EDM,D,40,4,14,18,8,26,3,0,1,1,13,1,0,104,3.0,203,867.68,21.7,0,0,,67,68,12,34,nurseda01
255,Tanner Pearson,32,VEG,LW,43,8,10,18,11,4,7,0,1,0,10,0,0,54,14.0,108,523.93,12.18,4,10,28.6,23,55,10,20,pearsta01
256,Taylor Raddysh,26,WSH,RW,43,4,14,18,1,6,4,0,0,1,14,0,0,51,7.0,107,557.68,12.97,5,11,31.3,15,36,5,30,raddyta01
257,Damon Severson,30,CBJ,D,40,6,12,18,0,14,6,0,0,1,12,0,0,63,9.0,134,844.57,21.12,0,0,,70,23,19,56,severda01
258,Teddy Blueger,30,VAN,C,42,5,12,17,-5,21,5,0,0,0,12,0,0,47,10.0,89,619.52,14.75,265,254,51.1,23,63,13,25,bluegte01
259,Jesper Boqvist,26,FLA,C,41,9,8,17,-5,10,8,0,1,2,8,0,0,43,20.0,78,536.0,13.07,62,86,41.9,14,95,9,18,boqvije01
260,Filip Chytil,25,NYR,C,33,10,7,17,6,10,9,1,0,1,6,1,0,72,13.0,135,463.27,14.03,150,182,45.2,7,12,8,16,chytifi01
261,Gustav Forsling,28,FLA,D,44,6,11,17,20,10,5,0,1,1,10,0,1,111,5.0,240,1015.15,23.07,0,0,,47,41,21,39,forslgu02
262,Brendan Gallagher,32,MTL,RW,42,10,7,17,-4,17,7,3,0,1,6,1,0,72,13.0,154,581.87,13.85,0,3,0.0,16,46,7,29,gallabr01
263,Frederick Gaudreau,31,MIN,C,44,7,10,17,1,6,6,1,0,1,10,0,0,62,11.0,113,654.75,14.88,266,258,50.8,26,20,11,25,gaudrfr01
264,Emil Heineman,23,MTL,LW,41,10,7,17,2,14,7,3,0,0,6,1,0,46,21.0,103,456.98,11.15,0,6,0.0,18,101,6,17,heineem01
265,Luke Kunin,27,SJS,C,45,10,7,17,-9,33,10,0,0,0,7,0,0,65,15.0,132,678.28,15.07,117,121,49.2,50,116,6,22,kuninlu01
266,Andrew Mangiapane,28,WSH,LW,42,10,7,17,5,10,9,0,1,2,6,1,0,51,19.0,99,555.72,13.23,4,0,100.0,14,35,9,32,mangian01
267,Bobby McMann,28,TOR,F,36,12,5,17,6,12,11,1,0,3,5,0,0,87,13.0,139,510.85,14.18,4,9,30.8,11,60,14,16,mcmanbo02
268,Valeri Nichushkin,29,COL,RW,21,11,6,17,6,4,9,2,0,0,6,0,0,52,21.0,95,412.2,19.63,3,3,50.0,10,18,3,17,nichuva01
269,Gustav Nyquist,35,NSH,RW,41,7,10,17,-15,8,6,0,1,0,10,0,0,52,13.0,128,716.1,17.47,9,8,52.9,18,18,9,41,nyquigu01
270,Mathieu Olivier,27,CBJ,F,43,10,7,17,-6,81,9,0,1,3,7,0,0,52,19.0,93,605.32,14.08,9,15,37.5,49,154,13,24,olivima01
271,Jack Quinn,23,BUF,RW,36,8,9,17,-13,8,6,2,0,2,3,6,0,64,12.0,141,545.02,15.13,0,4,0.0,15,20,5,26,quinnja01
272,Rasmus Sandin,24,WSH,D,43,4,13,17,13,6,3,1,0,0,11,2,0,42,9.0,125,831.37,19.33,0,0,,67,52,15,37,sandira01
273,Eeli Tolvanen,25,SEA,RW,44,10,7,17,-6,6,9,1,0,1,4,3,0,72,13.0,145,598.9,13.62,2,4,33.3,32,129,5,25,tolvaee01
274,Alex Vlasic,23,CHI,D,44,2,15,17,-11,6,1,1,0,0,7,8,0,69,2.0,128,1044.88,23.75,0,0,,87,30,28,49,vlasial01
275,Josh Anderson,30,MTL,RW,42,7,9,16,-3,48,6,0,1,0,9,0,0,56,12.0,109,594.0,14.15,18,8,69.2,21,96,7,20,anderjo05
276,Jonas Brodin,31,MIN,D,31,4,12,16,10,6,4,0,0,1,11,0,1,54,7.0,117,719.65,23.22,0,0,,67,17,13,38,brodijo01
277,Andre Burakovsky,29,SEA,LW,41,4,12,16,-8,6,4,0,0,0,9,3,0,64,6.0,124,606.85,14.8,2,0,100.0,16,19,8,17,burakan01
278,Brent Burns,39,CAR,D,44,4,12,16,-1,12,4,0,0,0,11,1,0,96,4.0,258,942.92,21.43,0,0,,62,8,24,62,burnsbr01
279,Paul Cotter,25,NJD,C,45,10,6,16,-4,39,10,0,0,2,6,0,0,54,18.0,120,606.28,13.47,23,18,56.1,20,151,10,25,cottepa01
280,Simon Edvinsson,21,DET,D,38,4,12,16,6,20,4,0,0,1,12,0,0,45,8.0,117,785.32,20.67,0,0,,68,38,10,48,edvinsi01
281,Justin Faulk,32,STL,D,40,2,14,16,-8,14,2,0,0,1,8,6,0,69,2.0,162,934.32,23.35,0,0,,55,49,15,49,faulkju01
282,Vladislav Gavrikov,29,LAK,D,41,2,14,16,15,10,2,0,0,0,13,0,1,49,4.0,127,980.3,23.92,0,0,,84,20,13,28,gavrivl01
283,Yanni Gourde,33,SEA,C,35,6,10,16,-5,36,6,0,0,1,10,0,0,38,15.0,83,544.87,15.57,183,184,49.9,26,58,11,23,gourdya01
284,Danton Heinen,29,VAN,C,42,5,11,16,5,31,4,1,0,0,10,1,0,34,14.0,82,583.82,13.9,13,17,43.3,23,44,9,22,heineda01
285,Nick Jensen,34,OTT,D,42,2,14,16,15,4,2,0,0,0,14,0,0,50,4.0,136,879.43,20.93,0,0,,52,39,13,48,jenseni02
286,Marcus Johansson,34,MIN,C,43,5,11,16,0,4,5,0,0,1,9,2,0,67,7.0,129,693.15,16.12,3,7,30.0,16,23,10,30,johanma03
287,Michael Kesselring,25,UTA,D,42,4,12,16,9,32,4,0,0,1,11,1,0,76,5.0,180,796.2,18.95,0,0,,33,54,14,58,kessemi01
288,Kris Letang,37,PIT,D,39,7,9,16,-15,18,3,3,1,0,4,5,0,90,7.0,181,916.03,23.48,0,0,,45,69,21,43,letankr01
289,Eetu Luostarinen,26,FLA,C,44,7,9,16,5,16,6,0,1,2,8,0,1,49,14.0,100,685.93,15.58,17,23,42.5,33,95,13,25,luostee01
290,Marcus Pettersson,28,PIT,D,39,2,14,16,-1,23,2,0,0,1,13,0,1,37,5.0,118,855.93,21.95,0,0,,70,47,20,47,pettema01
291,Vasily Podkolzin,23,EDM,RW,43,5,11,16,11,18,5,0,0,1,11,0,0,69,7.0,119,568.2,13.22,9,29,23.7,26,94,11,29,podkova01
292,Brandon Saad,32,STL,LW,38,7,9,16,-10,6,7,0,0,0,7,2,0,63,11.0,112,561.25,14.77,3,6,33.3,10,7,11,25,saadbr01
293,Vladimir Tarasenko,33,DET,RW,41,4,12,16,-9,4,3,1,0,0,8,4,0,65,6.0,144,597.23,14.57,0,2,0.0,15,31,9,30,tarasvl01
294,Alex Turcotte,23,LAK,C,36,5,11,16,12,10,5,0,0,0,11,0,0,42,11.0,86,454.88,12.63,35,50,41.2,13,15,7,24,turcoal02
295,Mason Appleton,29,WPG,C,37,6,9,15,8,6,6,0,0,1,9,0,0,60,10.0,98,546.13,14.77,7,4,63.6,20,35,9,21,applema01
296,Zachary Bolduc,21,STL,C,37,5,10,15,10,16,4,1,0,0,9,1,0,52,9.0,123,456.32,12.33,5,5,50.0,16,43,11,30,bolduza01
297,Leo Carlsson,20,ANA,C,37,8,7,15,-1,8,6,2,0,4,5,2,0,49,16.0,103,602.92,16.3,105,165,38.9,16,16,7,25,carlsle01
298,Ross Colton,28,COL,C,27,13,2,15,-2,4,9,4,0,3,1,1,0,68,19.0,123,452.8,16.77,27,42,39.1,22,61,6,21,coltoro01
299,Max Domi,29,TOR,LW,36,3,12,15,2,32,3,0,0,1,11,1,0,52,5.0,104,525.57,14.6,141,165,46.1,15,11,11,32,domima01
300,Nic Dowd,34,WSH,C,43,10,5,15,11,40,9,0,1,1,5,0,0,56,17.0,97,664.5,15.45,320,335,48.9,42,78,15,22,dowdni01
301,Oliver Ekman-Larsson,33,TOR,D,43,2,13,15,8,28,2,0,0,0,12,1,0,70,2.0,171,905.22,21.05,0,0,,40,59,16,51,ekmanol01
302,Marcus Foligno,33,MIN,LW,44,6,9,15,9,44,6,0,0,1,9,0,0,44,13.0,77,615.72,14.0,3,5,37.5,22,151,11,31,foligma01
303,Garnet Hathaway,33,PHI,RW,44,5,10,15,5,42,5,0,0,0,10,0,0,55,9.0,96,523.3,11.9,5,8,38.5,47,156,5,20,hathaga01
304,Alex Iafallo,31,WPG,C,44,6,9,15,9,13,2,4,0,0,6,3,0,51,11.0,83,559.65,12.72,6,5,54.5,30,23,19,17,iafalal01
305,Seth Jones,30,CHI,D,28,3,12,15,-13,10,1,2,0,1,6,6,0,51,5.0,124,690.85,24.67,0,0,,49,30,13,30,jonesse01
306,Alexander Kerfoot,30,UTA,C,42,6,9,15,-3,6,5,0,1,0,8,1,0,53,11.0,90,641.62,15.28,138,136,50.4,30,20,13,36,kerfoal01
307,Chris Kreider,33,NYR,LW,34,13,2,15,-8,18,6,5,2,4,2,0,0,92,14.0,145,599.23,17.62,14,28,33.3,11,52,5,15,kreidch01
308,Jack McBain,25,UTA,C,42,10,5,15,5,47,10,0,0,1,5,0,0,43,23.0,93,556.45,13.25,54,44,55.1,32,144,9,23,mcbaija03
309,Jacob Middleton,29,MIN,D,33,6,9,15,18,21,6,0,0,0,9,0,0,49,12.0,99,689.75,20.9,0,0,,83,50,16,30,middlja01
310,Drew O'Connor,26,PIT,F,45,6,9,15,-12,16,4,1,1,1,8,1,0,68,8.0,145,660.48,14.68,36,49,42.4,34,44,20,32,oconndr01
311,Ryan Poehling,26,PHI,C,41,4,11,15,0,12,4,0,0,0,11,0,0,40,10.0,76,554.63,13.53,233,222,51.2,51,17,5,31,poehlry01
312,Ryan Pulock,30,NYI,D,42,2,13,15,3,8,2,0,0,0,11,1,1,60,3.0,137,941.67,22.42,0,0,,94,54,19,52,pulocry01
313,Jeff Skinner,32,EDM,LW,40,7,8,15,-10,8,7,0,0,0,7,1,0,86,8.0,153,504.28,12.6,9,8,52.9,14,21,9,24,skinnje01
314,Sam Steel,26,DAL,C,41,4,11,15,-2,12,4,0,0,1,11,0,0,46,8.0,88,592.52,14.45,111,111,50.0,13,40,7,22,steelsa01
315,Brandon Tanev,33,SEA,LW,43,8,7,15,-13,8,8,0,0,0,7,0,0,67,11.0,113,619.72,14.42,5,17,22.7,72,92,15,31,tanevbr01
316,James van Riemsdyk,35,CBJ,LW,36,6,9,15,-8,8,5,1,0,0,8,1,0,38,15.0,66,440.18,12.23,2,8,20.0,8,13,4,17,vanrija01
317,Lars Eller,35,WSH,C,41,8,7,15,-3,22,8,0,0,0,6,1,0,55,14.0,109,584.33,14.25,221,182,54.8,19,34,8,24,ellerla01
318,Zach Benson,19,BUF,LW,37,7,7,14,-1,32,6,1,0,0,7,0,0,54,13.0,108,550.53,14.88,2,9,18.2,11,16,8,20,bensoza01
319,Philip Broberg,23,STL,D,31,3,11,14,10,8,3,0,0,1,9,2,0,44,6.0,116,634.02,20.45,0,0,,42,26,11,48,brobeph01
320,Yegor Chinakhov,23,CBJ,RW,21,7,7,14,2,2,5,2,0,1,4,3,0,55,12.0,101,357.43,17.02,0,0,,10,32,3,12,chinaye01
321,Charlie Coyle,32,BOS,C,45,10,4,14,-6,14,7,3,0,0,4,0,0,64,15.0,132,779.67,17.33,203,198,50.6,34,65,30,22,coylech01
322,Kirby Dach,24,MTL,C,42,6,8,14,-25,30,5,1,0,2,3,5,0,68,8.0,117,668.88,15.93,65,105,38.2,26,69,7,32,dachki01
323,Jason Dickinson,29,CHI,C,44,7,7,14,-4,12,7,0,0,0,7,0,0,45,15.0,118,709.12,16.12,339,360,48.5,35,70,12,17,dickija01
324,Luke Evangelista,22,NSH,RW,39,4,10,14,-1,16,3,1,0,0,9,1,0,75,5.0,116,500.87,12.85,0,0,,7,15,10,18,evanglu01
325,Joel Farabee,24,PHI,LW,42,6,8,14,-14,22,6,0,0,0,5,3,0,84,7.0,135,644.27,15.33,10,21,32.3,26,45,12,38,farabjo01
326,Mattias Janmark,32,EDM,C,43,1,13,14,-2,10,1,0,0,0,11,0,2,27,3.0,61,557.4,12.97,28,35,44.4,14,16,6,23,janmama02
327,Joel Kiviranta,28,COL,F,44,10,4,14,7,12,10,0,0,2,4,0,0,54,18.0,97,567.4,12.9,14,16,46.7,21,70,11,23,kivirjo01
328,Peyton Krebs,24,BUF,C,42,4,10,14,-1,19,4,0,0,0,10,0,0,31,12.0,95,550.8,13.12,159,152,51.1,17,73,4,18,krebspe01
329,Brett Kulak,31,EDM,D,43,5,9,14,3,8,5,0,0,0,9,0,0,70,7.0,138,863.15,20.07,0,0,,66,17,12,49,kulakbr01
330,Esa Lindell,30,DAL,D,42,3,11,14,13,8,3,0,0,0,11,0,0,60,5.0,129,913.83,21.75,0,0,,81,32,24,50,lindees01
331,Ryan McDonagh,35,TBL,D,41,1,13,14,22,10,0,0,1,0,12,0,1,43,2.0,100,844.32,20.6,0,0,,82,12,16,62,mcdonry01
332,Ilya Mikheyev,30,CHI,F,42,8,6,14,1,10,7,0,1,1,6,0,0,69,11.0,111,632.48,15.07,0,7,0.0,5,19,11,21,mikheil01
333,Niko Mikkola,28,FLA,D,39,4,10,14,3,28,4,0,0,0,10,0,0,60,6.0,138,780.13,20.0,0,0,,54,64,8,59,mikkoni01
334,Victor Olofsson,29,VEG,RW,22,9,5,14,7,8,3,6,0,3,5,0,0,51,17.0,102,354.82,16.13,0,5,0.0,7,10,7,12,olofsvi01
335,Corey Perry,39,EDM,RW,42,7,7,14,1,23,7,0,0,1,5,2,0,41,17.0,92,476.97,11.35,7,6,53.8,12,17,8,22,perryco01
336,Darren Raddysh,28,TBL,D,33,1,13,14,6,6,1,0,0,0,11,2,0,44,2.0,128,571.08,17.3,0,0,,25,14,3,28,raddyda01
337,Nicolas Roy,27,VEG,C,32,6,8,14,-6,31,6,0,0,2,6,2,0,52,11.0,92,514.67,16.08,150,166,47.5,11,26,12,26,royni01
338,William Smith,19,SJS,C,37,6,8,14,-15,6,4,2,0,1,6,2,0,53,11.0,126,525.83,14.22,34,73,31.8,6,8,4,34,smithwi01
339,Cam Fowler,33,STL,D,31,4,10,14,-3,10,3,1,0,0,9,1,0,40,10.0,92,674.53,21.77,0,0,,57,4,7,29,fowleca01
340,Nikolai Kovalenko,25,SJS,RW,40,5,9,14,-5,10,3,2,0,0,8,1,0,37,13.0,75,482.48,12.07,0,5,0.0,18,60,13,23,kovalni01
341,Michael Anderson,25,LAK,D,41,5,8,13,12,18,5,0,0,0,8,0,0,51,9.0,136,953.32,23.25,0,0,,69,62,12,34,andermi02
342,Viktor Arvidsson,31,EDM,LW,28,5,8,13,8,12,5,0,0,0,6,2,0,72,6.0,133,422.35,15.08,11,17,39.3,8,8,6,24,arvidvi01
343,Kevin Bahl,24,CGY,D,42,1,12,13,1,19,0,1,0,0,12,0,0,46,2.0,131,902.78,21.5,0,0,,67,61,13,44,bahlke01
344,Mathew Barzal,27,NYI,C,21,4,9,13,6,2,3,1,0,1,7,2,0,55,7.0,121,429.78,20.47,19,25,43.2,15,19,5,30,barzama01
345,Jackson Blake,21,CAR,RW,44,9,4,13,1,20,6,3,0,5,4,0,0,61,14.0,106,514.62,11.7,10,13,43.5,13,9,11,25,blakeja02
346,Nick Cousins,31,OTT,C,40,5,8,13,-1,35,5,0,0,0,8,0,0,57,8.0,102,476.28,11.9,1,6,14.3,22,66,5,17,cousini01
347,Trent Frederic,26,BOS,C,45,6,7,13,-9,37,5,1,0,0,5,2,0,63,9.0,135,640.93,14.25,79,106,42.7,25,128,7,25,fredetr01
348,Ridly Greig,22,OTT,C,39,6,7,13,-5,24,3,2,1,0,4,2,1,55,10.0,102,610.53,15.65,50,46,52.1,18,64,7,21,greigri01
349,Ryan Hartman,30,MIN,RW,39,6,7,13,-6,30,5,1,0,0,6,1,0,91,6.0,169,587.65,15.07,127,141,47.4,26,45,10,45,hartmry01
350,Adam Henrique,34,EDM,C,43,6,7,13,2,12,6,0,0,1,6,1,0,66,9.0,110,622.2,14.47,265,221,54.5,44,26,8,34,henriad01
351,Connor Murphy,31,CHI,D,38,1,12,13,-4,38,1,0,0,0,12,0,0,45,2.0,99,780.7,20.55,0,0,,93,70,11,35,murphco02
352,Shane Pinto,24,OTT,C,34,8,5,13,0,14,6,1,1,3,3,1,1,63,12.0,128,596.95,17.55,255,236,51.9,25,32,12,12,pintosh01
353,Yegor Sharangovich,26,CGY,C,35,7,6,13,-7,4,3,3,1,0,5,1,0,75,9.0,166,614.25,17.55,80,86,48.2,12,5,9,22,sharaye01
354,Brady Skjei,30,NSH,D,42,3,10,13,-5,16,2,1,0,1,8,2,0,83,3.0,180,906.32,21.58,0,0,,40,28,18,53,skjeibr01
355,Jaccob Slavin,30,CAR,D,44,2,11,13,10,4,2,0,0,1,10,0,1,53,3.0,169,942.65,21.42,0,0,,71,13,39,43,slavija01
356,Jordan Spence,23,LAK,D,40,2,11,13,10,14,2,0,0,0,9,2,0,42,4.0,114,698.12,17.45,0,0,,46,37,6,45,spencjo01
357,Jared Spurgeon,35,MIN,D,32,4,9,13,3,12,4,0,0,2,6,3,0,59,6.0,119,662.83,20.72,0,0,,52,27,13,28,spurgja01
358,Chris Tanev,35,TOR,D,43,1,12,13,14,16,1,0,0,0,11,0,1,19,5.0,71,844.77,19.65,0,0,,122,9,8,44,tanevch01
359,Trevor van Riemsdyk,33,WSH,D,43,0,13,13,13,10,0,0,0,0,13,0,0,52,0.0,129,759.25,17.65,0,0,,85,5,15,37,vanritr01
360,Uvis Balinskis,28,FLA,D,41,2,10,12,-7,17,2,0,0,0,6,4,0,52,3.0,104,615.72,15.02,0,2,0.0,29,34,16,25,balinuv01
361,Anthony Beauvillier,27,PIT,LW,44,9,3,12,0,8,9,0,0,0,2,1,0,73,12.0,130,523.87,11.9,2,3,40.0,18,66,9,12,beauvan01
362,Cody Ceci,31,SJS,D,45,3,9,12,-8,12,3,0,0,2,9,0,0,49,6.0,107,986.18,21.92,0,0,,80,46,14,43,cecico01
363,Ian Cole,35,UTA,D,42,1,11,12,-3,41,1,0,0,0,11,0,0,44,2.0,111,880.95,20.98,0,0,,121,50,15,63,coleia01
364,Christian Dvorak,28,MTL,C,42,3,9,12,-4,6,3,0,0,0,8,1,0,52,5.0,101,607.38,14.47,280,222,55.8,41,15,10,37,dvorach01
365,Mark Kastelic,25,BOS,C,43,4,8,12,3,81,4,0,0,0,8,0,0,53,7.0,92,486.9,11.32,147,121,54.9,23,167,11,15,kastema01
366,Cole Koepke,26,BOS,LW,43,7,5,12,9,8,7,0,0,1,5,0,0,44,15.0,88,461.05,10.72,0,1,0.0,10,95,6,14,koepkco01
367,Johnathan Kovacevic,27,NJD,D,45,1,11,12,15,33,1,0,0,1,11,0,0,40,2.0,115,893.23,19.85,0,0,,59,58,15,58,kovacjo01
368,Kevin Labanc,29,CBJ,RW,30,2,10,12,2,12,2,0,0,0,10,0,0,32,6.0,83,319.85,10.67,0,3,0.0,12,27,4,14,labanke01
369,Brett Leason,25,ANA,RW,36,5,7,12,-1,12,4,1,0,0,6,1,0,55,9.0,103,500.9,13.92,21,53,28.4,22,41,7,16,leasobr01
370,Blake Lizotte,27,PIT,C,29,8,4,12,5,18,6,1,1,0,4,0,0,28,28.0,50,343.95,11.87,84,105,44.4,15,34,6,21,lizotbl01
371,Matias Maccelli,24,UTA,LW,41,5,7,12,-8,2,5,0,0,0,6,1,0,58,8.0,148,576.73,14.07,6,6,50.0,8,4,8,35,maccema01
372,Tyler Myers,34,VAN,D,42,2,10,12,-1,33,2,0,0,0,10,0,0,41,4.0,110,867.52,20.65,0,0,,75,50,19,33,myersty01
373,Logan O'Connor,28,COL,RW,44,5,7,12,-8,17,5,0,0,0,6,0,1,51,9.0,95,654.35,14.87,11,22,33.3,20,41,8,14,oconnlo01
374,Max Pacioretty,36,TOR,LW,30,5,7,12,-2,14,5,0,0,1,7,0,0,52,9.0,103,413.12,13.77,4,2,66.7,11,82,4,24,pacioma01
375,Martin Pospisil,25,CGY,C,42,2,10,12,2,66,1,1,0,0,8,2,0,56,3.0,121,602.13,14.33,57,87,39.6,14,136,7,31,pospima01
376,Michael Rasmussen,25,DET,C,41,6,6,12,1,13,5,1,0,0,5,1,0,46,13.0,89,549.35,13.4,17,20,45.9,29,73,7,23,rasmumi01
377,Lukas Reichel,22,CHI,LW,37,3,9,12,-6,8,3,0,0,0,8,1,0,44,6.0,73,455.63,12.32,82,127,39.2,16,15,8,18,reichlu01
378,Rasmus Ristolainen,30,PHI,D,44,1,11,12,-2,4,1,0,0,1,10,1,0,63,1.0,118,904.12,20.55,0,0,,62,72,16,40,ristora01
379,Mackie Samoskevich,22,FLA,RW,39,7,5,12,-2,6,6,1,0,4,4,1,0,49,14.0,112,432.15,11.08,0,0,,8,47,8,16,samosma01
380,Nick Seeler,31,PHI,D,39,3,9,12,1,16,3,0,0,1,9,0,0,43,7.0,112,631.43,16.18,0,0,,97,44,9,33,seeleni01
381,Olen Zellweger,21,ANA,D,35,4,8,12,4,12,3,1,0,0,4,4,0,78,5.0,182,677.78,19.37,0,0,,41,22,12,37,zellwol01
382,Alexandre Carrier,28,MTL,D,39,1,11,12,-14,14,1,0,0,0,10,0,1,39,2.0,84,785.62,20.15,0,0,,66,43,15,34,carrial01
383,Zach Aston-Reese,30,CBJ,C,42,4,7,11,-6,19,4,0,0,1,7,0,0,56,7.0,103,552.5,13.15,2,4,33.3,32,94,3,19,astonza01
384,Nick Bjugstad,32,UTA,C,34,4,7,11,-6,10,3,1,0,0,7,0,0,60,6.0,110,435.92,12.82,173,198,46.6,19,53,4,17,bjugsni01
385,Mitchell Chaffee,27,TBL,F,37,7,4,11,2,13,5,2,0,2,4,0,0,37,18.0,66,484.45,13.1,2,3,40.0,14,66,8,17,chaffmi01
386,Declan Chisholm,25,MIN,D,38,2,9,11,2,2,1,1,0,1,8,1,0,44,4.0,96,669.88,17.63,0,0,,36,13,12,47,chishde01
387,Brenden Dillon,34,NJD,D,45,2,9,11,11,50,2,0,0,0,9,0,0,24,8.0,96,814.23,18.1,0,0,,62,110,3,36,dillobr01
388,Jordan Eberle,34,SEA,RW,17,6,5,11,3,6,5,1,0,1,4,1,0,29,20.0,57,269.32,15.85,3,6,33.3,14,0,7,14,eberljo01
389,Martin Fehervary,25,WSH,D,43,1,10,11,8,15,1,0,0,0,9,0,1,36,2.0,110,833.67,19.38,0,0,,89,84,4,36,feherma01
390,Conor Geekie,20,TBL,C,39,5,6,11,1,12,4,1,0,2,5,1,0,45,11.0,102,480.67,12.32,58,85,40.6,18,67,6,22,geekico01
391,Erik Gustafsson,32,DET,D,34,2,9,11,-8,14,1,1,0,0,4,5,0,41,4.0,112,556.77,16.38,0,0,,24,11,5,50,gustaer02
392,Erik Haula,33,NJD,LW,42,5,6,11,-6,29,4,1,0,0,4,2,0,72,6.0,120,607.02,14.45,256,206,55.4,22,67,9,23,haulaer01
393,Marco Kasper,20,DET,C,37,4,7,11,-9,12,2,2,0,0,5,2,0,57,7.0,98,523.0,14.13,165,180,47.8,18,63,7,21,kaspema01
394,Patrik Laine,26,MTL,RW,14,9,2,11,-5,4,0,9,0,2,2,0,0,40,22.0,67,209.95,15.0,6,5,54.5,13,11,4,8,lainepa01
395,Jake McCabe,31,TOR,D,36,1,10,11,10,32,1,0,0,0,10,0,0,37,2.0,94,751.03,20.87,0,0,,68,72,3,35,mccabja01
396,Nicholas Robertson,23,TOR,LW,36,7,4,11,2,6,7,0,0,0,4,0,0,55,12.0,115,437.18,12.15,2,1,66.7,16,37,10,10,roberni01
397,Craig Smith,35,CHI,C,30,6,5,11,-7,24,5,1,0,1,5,0,0,62,9.0,98,350.62,11.68,7,12,36.8,17,23,8,20,smithcr01
398,Kevin Stenlund,28,UTA,C,42,7,4,11,-9,18,6,0,1,0,4,0,0,56,12.0,102,603.2,14.37,293,197,59.8,34,26,11,27,stenlke01
399,Jakub Vrana,28,WSH,LW,25,7,4,11,6,6,4,3,0,3,4,0,0,27,25.0,54,246.27,9.85,4,10,28.6,5,12,5,15,vranaja01
400,Yegor Zamula,24,PHI,D,34,3,8,11,-9,2,3,0,0,1,8,0,0,24,12.0,64,568.77,16.73,0,0,,50,15,8,25,zamulye01
401,Michael Amadio,28,OTT,C,33,2,8,10,-1,12,2,0,0,0,8,0,0,39,5.0,81,467.0,14.15,29,26,52.7,18,35,13,21,amadimi01
402,Oskar Back,24,DAL,C,37,2,8,10,4,2,2,0,0,0,7,0,1,23,8.0,49,425.68,11.5,53,41,56.4,16,14,8,28,backos01
403,Jonatan Berggren,24,DET,RW,40,6,4,10,-5,10,5,1,0,1,3,1,0,52,11.0,105,516.6,12.92,5,6,45.5,7,10,6,12,berggjo02
404,Zach Bogosian,34,MIN,D,44,4,6,10,2,27,4,0,0,0,6,0,0,51,7.0,121,729.12,16.57,0,0,,51,49,13,47,bogosza01
405,Mavrik Bourque,23,DAL,C,37,3,7,10,-1,4,3,0,0,0,6,1,0,39,7.0,80,432.38,11.68,60,85,41.4,18,16,6,22,bourqma01
406,Erik Cernak,27,TBL,D,39,0,10,10,13,18,0,0,0,0,8,0,2,31,0.0,95,729.42,18.7,0,0,,53,91,9,17,cernaer01
407,Jalen Chatfield,28,CAR,D,44,4,6,10,14,22,4,0,0,1,6,0,0,65,6.0,170,833.65,18.95,0,0,,39,37,15,41,chatfja01
408,Lawson Crouse,27,UTA,LW,42,6,4,10,-4,24,5,1,0,1,4,0,0,61,9.0,121,592.37,14.1,8,10,44.4,25,83,10,32,crousla01
409,Jonathan Drouin,29,COL,LW,11,3,7,10,4,2,3,0,0,0,6,1,0,16,18.0,33,230.33,20.93,3,4,42.9,5,4,5,10,drouijo01
410,Jamie Drysdale,22,PHI,D,32,2,8,10,-16,6,0,2,0,0,3,5,0,28,7.0,85,624.05,19.5,0,0,,46,6,11,35,drysdja01
411,Brandon Duhaime,27,WSH,RW,43,4,6,10,4,43,4,0,0,0,6,0,0,51,7.0,102,587.23,13.65,14,16,46.7,39,81,4,12,duhaibr01
412,Joel Edmundson,31,LAK,D,37,4,6,10,12,14,4,0,0,1,6,0,0,47,8.0,120,763.1,20.62,0,0,,57,61,10,26,edmunjo01
413,Robby Fabbri,29,ANA,C,30,6,4,10,-7,14,6,0,0,0,4,0,0,46,13.0,83,510.4,17.02,53,63,45.7,18,42,9,25,fabbrro01
414,Dante Fabbro,26,CBJ,D,33,3,7,10,11,20,3,0,0,1,7,0,0,43,7.0,104,666.67,20.2,0,0,,74,30,11,55,fabbrda01
415,Radko Gudas,34,ANA,D,43,1,9,10,-1,56,1,0,0,0,9,0,0,46,2.0,131,807.55,18.78,0,0,,95,142,3,53,gudasra01
416,Kaiden Guhle,23,MTL,D,36,3,7,10,-5,23,3,0,0,0,7,0,0,42,7.0,105,764.55,21.23,0,0,,86,57,10,29,guhleka01
417,Kevin Hayes,32,PIT,RW,28,7,3,10,-14,2,4,3,0,1,1,2,0,39,17.0,75,292.6,10.45,79,63,55.6,5,15,4,11,hayeske01
418,Alexander Holtz,23,VEG,RW,43,3,7,10,-4,6,3,0,0,0,6,1,0,56,5.0,107,495.62,11.53,2,9,18.2,13,33,3,28,holtzal01
419,Parker Kelly,25,COL,F,44,4,6,10,-8,12,3,0,1,0,6,0,0,50,8.0,115,574.63,13.07,215,290,42.6,36,85,12,24,kellypa01
420,Sean Kuraly,32,CBJ,C,43,4,6,10,-1,16,4,0,0,0,6,0,0,35,11.0,87,481.95,11.2,153,137,52.8,25,98,5,29,kuralse01
421,Andrei Kuzmenko,28,CGY,F,32,1,9,10,-6,12,0,1,0,1,7,2,0,31,3.0,73,478.3,14.95,1,0,100.0,7,7,13,22,kuzmean01
422,Josh Manson,33,COL,D,32,1,9,10,-5,18,1,0,0,0,7,1,1,43,2.0,113,583.22,18.23,0,0,,43,75,14,54,mansojo01
423,Pat Maroon,36,CHI,LW,40,2,8,10,-9,41,2,0,0,1,8,0,0,40,5.0,72,466.93,11.67,24,19,55.8,6,73,3,25,maroopa01
424,J.J. Moser,24,TBL,D,27,2,8,10,13,12,1,0,1,0,7,1,0,28,7.0,77,537.15,19.9,0,0,,39,19,14,30,moserja01
425,Nicklaus Perbix,26,TBL,D,36,4,6,10,6,14,4,0,0,1,6,0,0,39,10.0,93,551.45,15.32,0,0,,35,27,17,37,perbini01
426,Matt Roy,29,WSH,D,33,1,9,10,6,12,1,0,0,0,9,0,0,40,2.0,112,647.15,19.62,0,0,,57,71,5,39,royma04
427,David Savard,34,MTL,D,36,1,9,10,1,22,1,0,0,0,9,0,0,23,4.0,56,664.78,18.47,0,0,,93,31,9,29,savarda01
428,Braden Schneider,23,NYR,D,42,2,8,10,5,8,2,0,0,0,8,0,0,57,3.0,126,722.62,17.2,0,0,,72,75,8,48,schnebr01
429,Cameron York,24,PHI,D,30,3,7,10,1,18,3,0,0,0,7,0,0,33,9.0,78,645.17,21.5,0,0,,57,16,15,39,yorkca01
430,Nikita Zadorov,29,BOS,D,45,2,8,10,6,82,2,0,0,0,8,0,0,55,3.0,133,896.63,19.93,0,0,,54,124,14,66,zadorni01
431,Trevor Zegras,23,ANA,C,24,4,6,10,-7,10,3,1,0,0,6,0,0,46,8.0,85,406.88,16.95,58,94,38.2,16,23,7,19,zegratr01
432,Colin Blackwell,31,DAL,C,37,4,5,9,1,6,3,0,1,0,4,1,0,41,9.0,80,428.18,11.57,71,76,48.3,13,50,12,20,blackco01
433,T.J. Brodie,34,CHI,D,40,2,7,9,-18,12,2,0,0,0,7,0,0,16,12.0,56,636.15,15.9,0,0,,46,13,6,31,broditj01
434,Michael Carcone,28,UTA,F,28,3,6,9,-3,23,3,0,0,0,5,1,0,50,6.0,103,311.27,11.12,0,2,0.0,5,24,2,12,carcomi01
435,Sam Carrick,32,NYR,C,42,3,6,9,-3,32,3,0,0,2,5,0,1,41,7.0,79,462.67,11.02,214,157,57.7,22,73,7,19,carrisa01
436,William Carrier,30,CAR,LW,39,4,5,9,2,16,4,0,0,1,5,0,0,42,9.0,104,452.97,11.62,5,6,45.5,11,136,11,17,carriwi01
437,Jack Drury,24,CAR,C,34,3,6,9,3,10,3,0,0,1,5,1,0,49,6.0,99,439.07,12.92,205,151,57.6,22,16,4,16,druryja01
438,Brian Dumoulin,33,ANA,D,43,0,9,9,-3,4,0,0,0,0,9,0,0,42,0.0,92,862.98,20.07,0,0,,70,45,15,33,dumoubr01
439,Cody Glass,25,PIT,C,32,1,8,9,-10,6,1,0,0,0,7,1,0,40,2.0,87,417.03,13.03,93,94,49.7,20,29,5,16,glassco01
440,A.J. Greer,28,FLA,LW,44,4,5,9,1,78,3,0,1,2,5,0,0,50,8.0,90,431.52,9.8,11,21,34.4,15,120,6,22,greeraj01
441,Filip Hronek,27,VAN,D,21,1,8,9,14,18,1,0,0,0,6,2,0,24,4.0,71,495.63,23.6,0,0,,21,36,8,27,hronefi01
442,Jiri Kulich,20,BUF,C,31,7,2,9,-1,6,7,0,0,2,2,0,0,64,10.0,125,430.63,13.88,95,107,47.0,12,21,9,16,kulicji01
443,Zachary L'Heureux,21,NSH,LW,34,4,5,9,-8,32,4,0,0,0,5,0,0,39,10.0,83,390.95,11.5,0,1,0.0,10,109,3,18,lheurza01
444,Ryan Lindgren,26,NYR,D,37,2,7,9,-5,24,2,0,0,0,6,0,1,28,7.0,94,731.33,19.77,0,0,,71,50,7,35,lindgry01
445,Steven Lorentz,28,TOR,C,44,4,5,9,3,0,4,0,0,2,5,0,0,37,10.0,78,469.78,10.68,11,16,40.7,31,115,8,15,lorenst01
446,Emil Martinsen Lilleberg,23,TBL,D,38,0,9,9,-3,67,0,0,0,0,9,0,0,24,0.0,87,587.55,15.47,0,0,,33,69,5,29,martiem01
447,Pavel Mintyukov,21,ANA,D,35,3,6,9,-6,8,3,0,0,0,4,2,0,42,7.0,96,674.88,19.28,0,0,,56,39,7,36,mintypa01
448,Alex Newhook,24,MTL,C,42,7,2,9,-15,14,6,1,0,1,2,0,0,54,13.0,119,631.75,15.05,117,146,44.5,17,40,7,18,newhoal01
449,Thomas Novak,27,NSH,C,33,5,4,9,-2,4,5,0,0,1,2,2,0,56,8.0,94,442.78,13.42,74,99,42.8,12,4,8,28,novakth01
450,Jesse Puljujarvi,26,PIT,RW,25,3,6,9,-2,10,3,0,0,0,5,1,0,38,7.0,83,289.78,11.58,0,1,0.0,7,43,3,10,puljuje01
451,Alexander Romanov,25,NYI,D,30,0,9,9,2,18,0,0,0,0,9,0,0,40,0.0,101,652.7,21.75,0,0,,65,73,14,41,romanal01
452,Nate Schmidt,33,FLA,D,42,3,6,9,-3,11,3,0,0,0,3,3,0,28,10.0,88,650.32,15.48,0,0,,27,44,16,45,schmina01
453,Jonas Siegenthaler,27,NJD,D,45,2,7,9,11,38,2,0,0,0,7,0,0,42,4.0,109,899.57,19.98,0,0,,79,67,14,49,siegejo01
454,Nico Sturm,29,SJS,C,37,4,5,9,-7,11,4,0,0,1,5,0,0,25,16.0,49,359.92,9.73,118,71,62.4,16,44,2,13,sturmni01
455,Ryan Suter,40,STL,D,44,1,8,9,4,14,1,0,0,0,8,0,0,34,2.0,91,933.03,21.2,0,0,,56,26,6,38,suterry01
456,Tomas Tatar,34,NJD,LW,39,3,6,9,-2,12,2,1,0,0,4,2,0,36,8.0,70,407.08,10.43,4,6,40.0,7,32,3,21,tatarto01
457,Joe Veleno,25,DET,C,38,5,4,9,-5,11,5,0,0,0,4,0,0,34,14.0,71,444.08,11.68,73,76,49.0,23,54,8,24,velenjo01
458,Sean Walker,30,CAR,D,44,2,7,9,-4,24,2,0,0,0,7,0,0,72,2.0,195,710.07,16.13,0,0,,47,45,22,33,walkese01
459,Noel Acciari,33,PIT,C,45,4,4,8,-13,10,4,0,0,0,3,0,1,43,9.0,78,618.6,13.75,188,173,52.1,56,96,11,19,acciano01
460,Nolan Allan,21,CHI,D,37,1,7,8,-11,16,1,0,0,0,7,0,0,15,6.0,57,563.12,15.22,0,0,,34,51,7,19,allanno01
461,John Beecher,23,BOS,C,43,2,6,8,0,8,2,0,0,0,6,0,0,25,8.0,57,494.17,11.5,152,115,56.9,37,51,9,28,beechjo01
462,Erik Brannstrom,25,VAN,D,28,3,5,8,-4,17,3,0,0,1,4,1,0,33,9.0,81,418.2,14.93,0,0,,39,14,6,26,branner01
463,Dennis Cholowski,26,NYI,D,26,3,5,8,3,4,3,0,0,0,4,1,0,22,13.0,49,357.38,13.75,0,0,,28,4,6,27,cholode01
464,Justin Danforth,31,CBJ,RW,25,3,5,8,-7,8,2,0,1,0,4,1,0,49,6.0,67,383.52,15.33,135,145,48.2,27,51,3,10,danfoju01
465,Dylan DeMelo,31,WPG,D,44,1,7,8,19,22,1,0,0,1,7,0,0,39,2.0,90,947.55,21.53,0,0,,52,75,19,48,demeldy01
466,Nils Hoglander,24,VAN,LW,39,2,6,8,-1,24,2,0,0,1,6,0,0,38,5.0,68,451.68,11.58,0,0,,10,42,7,15,hoglani01
467,Ivan Ivan,22,COL,F,37,5,3,8,-7,8,3,2,0,0,2,1,0,34,14.0,63,384.6,10.4,55,80,40.7,8,12,2,18,ivaniv01
468,Mark Jankowski,30,NSH,C,34,3,5,8,0,10,3,0,0,0,5,0,0,37,8.0,79,441.15,12.98,97,98,49.7,17,19,2,14,jankoma01
469,Tanner Jeannot,27,LAK,F,38,5,3,8,5,60,5,0,0,1,3,0,0,31,16.0,74,442.45,11.65,6,8,42.9,23,120,2,19,jeannta01
470,Zachary Jones,24,NYR,D,26,1,7,8,2,10,1,0,0,0,6,1,0,24,4.0,59,434.17,16.7,0,0,,16,14,7,25,jonesza01
471,Justin Kirkland,28,CGY,LW,21,2,6,8,6,11,2,0,0,0,6,0,0,9,22.0,23,203.72,9.7,54,72,42.9,16,45,3,8,kirklju01
472,Dmitry Kulikov,34,FLA,D,44,3,5,8,7,30,3,0,0,0,4,1,0,46,6.0,113,870.07,19.77,0,0,,45,74,21,39,kulikdm01
473,Hendrix Lapierre,22,WSH,C,27,0,8,8,-3,4,0,0,0,0,8,0,0,18,0.0,37,264.5,9.8,40,61,39.6,14,12,5,17,lapiehe01
474,Adam Larsson,32,SEA,D,44,2,6,8,0,19,2,0,0,0,6,0,0,59,3.0,142,904.78,20.57,0,0,,91,56,14,29,larssad01
475,Timothy Liljegren,25,SJS,D,33,4,4,8,-9,20,3,1,0,0,3,1,0,51,7.0,117,604.27,18.32,0,0,,47,39,5,36,liljeti01
476,Ilya Lyubushkin,30,DAL,D,42,0,8,8,6,12,0,0,0,0,8,0,0,25,0.0,76,713.38,16.98,0,0,,63,50,8,49,lyubuil01
477,Olli Maatta,30,UTA,D,39,0,8,8,7,10,0,0,0,0,8,0,0,35,0.0,84,807.4,20.7,0,0,,82,12,13,56,maattol01
478,Beck Malenstyn,26,BUF,LW,40,4,4,8,-4,15,4,0,0,0,4,0,0,35,11.0,74,419.73,10.5,13,5,72.2,36,96,5,22,malenbe01
479,Brock McGinn,30,ANA,LW,26,4,4,8,1,0,4,0,0,0,4,0,0,30,13.0,48,304.42,11.72,1,7,12.5,28,61,7,8,mcginbr01
480,Colin Miller,32,WPG,D,34,2,6,8,8,22,2,0,0,0,6,0,0,40,5.0,99,474.77,13.97,0,0,,28,46,3,30,milleco02
481,Jamie Oleksiak,32,SEA,D,44,2,6,8,-8,10,2,0,0,1,6,0,0,35,5.0,102,847.22,19.25,0,0,,98,32,9,58,oleksja01
482,Andrew Peeke,26,BOS,D,39,0,8,8,-5,4,0,0,0,0,7,0,1,36,0.0,93,667.93,17.13,0,0,,63,40,9,48,peekean01
483,Jakob Pelletier,23,CGY,LW,16,3,5,8,6,4,3,0,0,0,5,0,0,25,12.0,41,192.27,12.02,1,3,25.0,10,12,5,10,pelleja01
484,Colton Sissons,31,NSH,C,41,4,4,8,-13,16,4,0,0,0,4,0,0,40,10.0,80,585.43,14.28,226,176,56.2,44,54,13,20,sissoco01
485,Oskar Sundqvist,30,STL,C,32,3,5,8,-1,22,2,1,0,0,5,0,0,22,13.0,54,406.18,12.7,120,161,42.7,29,45,8,22,sundqos01
486,Alexandre Texier,25,STL,C,23,3,5,8,-2,6,3,0,0,0,4,1,0,36,8.0,63,291.7,12.68,0,2,0.0,9,12,3,9,texieal01
487,Henry Thrun,23,SJS,D,38,0,8,8,-7,15,0,0,0,0,8,0,0,34,0.0,77,641.78,16.88,0,0,,43,28,9,20,thrunhe01
488,Nathan Walker,30,STL,C,38,4,4,8,-4,24,4,0,0,0,3,0,1,35,11.0,69,443.02,11.67,58,54,51.8,22,129,4,23,walkena01
489,Kasperi Kapanen,28,EDM,RW,33,5,3,8,-11,8,5,0,0,2,3,0,0,33,15.0,64,390.53,11.83,0,4,0.0,7,43,3,23,kapanka01
490,Philip Tomasino,23,PIT,C,28,4,4,8,-4,2,2,2,0,3,2,2,0,50,8.0,78,355.55,12.7,5,4,55.6,12,24,5,12,tomasph01
491,Jacob Trouba,30,ANA,D,42,0,8,8,-7,30,0,0,0,0,8,0,0,70,0.0,153,860.08,20.48,0,0,,126,87,14,44,troubja01
492,Morgan Barron,26,WPG,C,44,4,3,7,4,8,2,0,2,0,3,0,0,51,7.0,93,459.27,10.43,19,12,61.3,28,72,17,20,barromo01
493,Brett Berard,22,NYR,LW,19,3,4,7,-9,8,3,0,0,1,4,0,0,32,9.0,59,215.28,11.33,2,2,50.0,9,27,4,13,berarbr02
494,Ben Chiarot,33,DET,D,41,1,6,7,-2,39,1,0,0,0,5,1,0,46,2.0,127,868.27,21.18,0,0,,82,58,17,48,chiarbe01
495,Jake Christiansen,25,CBJ,D,43,1,6,7,2,11,1,0,0,0,6,0,0,46,2.0,106,567.13,13.18,0,0,,40,28,7,33,chrisja01
496,Connor Clifton,29,BUF,D,41,0,7,7,4,27,0,0,0,0,7,0,0,32,0.0,107,637.13,15.53,0,0,,64,119,18,44,cliftco01
497,Pierre Engvall,28,NYI,LW,27,3,4,7,-4,10,3,0,0,1,4,0,0,30,10.0,52,323.75,11.98,4,7,36.4,6,11,3,18,engvapi01
498,Radek Faksa,31,STL,C,32,2,5,7,-7,14,2,0,0,0,5,0,0,31,6.0,63,415.65,12.98,180,153,54.1,21,50,6,13,faksara01
499,Mario Ferraro,26,SJS,D,45,3,4,7,-19,28,3,0,0,1,4,0,0,43,7.0,102,912.43,20.28,0,0,,64,102,25,44,ferrama01
500,Jordan Greenway,27,BUF,LW,20,3,4,7,-1,13,3,0,0,0,4,0,0,24,12.0,54,318.38,15.92,1,10,9.1,19,54,5,8,greenjo02
501,Trevor Lewis,38,LAK,C,29,3,4,7,3,10,3,0,0,0,4,0,0,28,10.0,58,311.95,10.75,58,54,51.8,16,51,2,8,lewistr01
502,Hampus Lindholm,31,BOS,D,17,3,4,7,-4,4,3,0,0,1,3,1,0,35,8.0,81,354.55,20.85,0,0,,17,5,14,30,lindhha01
503,Isac Lundestrom,25,ANA,C,41,4,3,7,-3,2,4,0,0,1,3,0,0,36,11.0,61,583.38,14.23,249,266,48.3,39,27,11,17,lundeis01
504,Anthony Mantha,30,CGY,RW,13,4,3,7,6,11,2,1,1,1,3,0,0,15,26.0,35,180.73,13.9,3,6,33.3,8,16,3,7,manthan01
505,Scott Mayfield,32,NYI,D,41,2,5,7,13,23,2,0,0,0,5,0,0,33,6.0,99,722.15,17.62,0,0,,70,64,12,37,mayfisc01
506,Brayden McNabb,34,VEG,D,43,2,5,7,23,20,1,0,1,0,4,0,1,53,3.0,130,877.87,20.42,0,0,,95,66,8,45,mcnabbr01
507,K'Andre Miller,25,NYR,D,36,2,5,7,-5,10,2,0,0,0,5,0,0,59,3.0,127,777.73,21.6,0,0,,50,65,25,45,milleka01
508,Adam Pelech,30,NYI,D,22,0,7,7,1,8,0,0,0,0,7,0,0,45,0.0,95,455.28,20.7,0,0,,32,37,10,25,pelecad01
509,Brett Pesce,30,NJD,D,36,1,6,7,-3,11,0,0,1,0,6,0,0,47,2.0,107,751.88,20.88,0,0,,74,14,14,29,pescebr01
510,Dylan Samberg,26,WPG,D,23,3,4,7,14,18,3,0,0,1,4,0,0,30,10.0,72,473.43,20.58,0,0,,35,26,15,28,sambedy01
511,Cole Schwindt,23,VEG,RW,36,0,7,7,2,0,0,0,0,0,7,0,0,30,0.0,57,338.87,9.42,98,96,50.5,15,31,6,18,schwico01
512,Logan Stanley,26,WPG,D,30,1,6,7,4,59,1,0,0,0,6,0,0,19,5.0,60,482.83,16.1,0,0,,46,35,6,28,stanllo01
513,Conor Timmins,26,TOR,D,37,1,6,7,3,18,1,0,0,0,6,0,0,38,2.0,96,622.18,16.82,0,0,,56,26,8,32,timmico01
514,Yakov Trenin,28,MIN,C,39,3,4,7,6,20,1,0,2,0,4,0,0,34,8.0,80,528.7,13.55,7,17,29.2,19,116,7,24,treniya01
515,Zach Whitecloud,28,VEG,D,36,3,4,7,5,14,3,0,0,0,4,0,0,39,7.0,90,599.1,16.65,0,0,,56,52,5,40,whiteza01
516,Juuso Parssinen,23,COL,C,22,3,4,7,-6,4,3,0,0,0,3,1,0,16,18.0,34,252.15,11.47,56,53,51.4,10,36,2,9,parssju01
517,Adam Boqvist,24,FLA,D,18,2,4,6,-4,6,2,0,0,0,1,3,0,21,9.0,53,231.17,12.85,0,0,,10,6,4,8,boqviad01
518,Jonny Brodzinski,31,NYR,C,20,3,3,6,4,4,3,0,0,0,3,0,0,25,12.0,43,208.35,10.42,29,27,51.8,9,8,3,8,brodzjo01
519,Calvin de Haan,33,COL,D,33,0,6,6,-7,8,0,0,0,0,6,0,0,37,0.0,103,495.92,15.03,0,0,,47,46,4,28,dehaaca01
520,Anthony Duclair,29,NYI,LW,14,3,3,6,-3,4,2,1,0,0,3,0,0,19,15.0,39,220.82,15.77,0,0,,6,6,1,18,duclaan01
521,Adam Edstrom,24,NYR,C,42,3,3,6,-8,23,3,0,0,1,3,0,0,33,9.0,62,381.45,9.08,0,3,0.0,24,76,5,16,edstrad01
522,Ty Emberson,24,EDM,D,41,0,6,6,-3,14,0,0,0,0,5,0,1,35,0.0,89,611.87,14.92,0,0,,59,60,22,20,emberty01
523,Michael Eyssimont,28,TBL,C,39,4,2,6,-3,28,4,0,0,1,2,0,0,70,5.0,124,430.03,11.03,1,5,16.7,15,57,3,20,eyssimi01
524,Haydn Fleury,28,WPG,D,25,0,6,6,-7,4,0,0,0,0,6,0,0,27,0.0,74,431.0,17.23,0,0,,44,31,2,27,fleurha01
525,Noah Gregor,26,OTT,C,35,4,2,6,-10,17,3,0,1,2,2,0,0,42,9.0,106,404.75,11.57,2,2,50.0,22,67,5,13,gregono01
526,Pontus Holmberg,25,TOR,RW,33,2,4,6,-3,19,1,0,1,0,4,0,0,26,7.0,67,430.95,13.07,67,71,48.6,26,14,4,15,holmbpo01
527,David Kampf,30,TOR,C,31,2,4,6,-2,6,2,0,0,0,3,0,1,27,7.0,41,399.27,12.88,155,132,54.0,14,25,8,20,kampfda01
528,Tye Kartye,23,SEA,F,41,3,3,6,-13,26,3,0,0,0,3,0,0,39,7.0,75,425.4,10.38,2,9,18.2,18,127,1,17,kartyty01
529,Daniil Miromanov,27,CGY,D,29,1,5,6,1,6,1,0,0,1,5,0,0,35,2.0,100,546.53,18.85,0,0,,42,11,9,28,miromda01
530,Scott Perunovich,26,STL,D,24,2,4,6,1,6,2,0,0,0,4,0,0,9,22.0,26,350.8,14.62,0,0,,21,9,4,18,perunsc01
531,Jeff Petry,37,DET,D,34,1,5,6,-7,12,1,0,0,1,4,1,0,23,4.0,84,652.23,19.18,0,0,,56,39,10,40,petryje01
532,Mikael Pyyhtia,23,CBJ,LW,33,4,2,6,-10,6,3,0,1,0,2,0,0,27,14.0,56,411.12,12.45,1,1,50.0,31,18,4,17,pyyhtmi01
533,Anthony Richard,28,PHI,C,7,2,4,6,4,0,2,0,0,0,3,1,0,10,20.0,15,83.4,11.92,0,0,,7,4,3,1,richaan01
534,Jan Rutta,34,SJS,D,45,1,5,6,-6,26,1,0,0,0,5,0,0,47,2.0,124,762.8,16.95,0,0,,68,32,8,45,ruttaja02
535,Max Sasson,24,VAN,F,19,2,4,6,3,0,2,0,0,0,4,0,0,23,8.0,36,196.0,10.32,21,29,42.0,11,13,5,8,sassoma01
536,Carson Soucy,30,VAN,D,42,1,5,6,-11,24,1,0,0,1,5,0,0,43,2.0,107,815.72,19.42,0,0,,70,71,12,54,soucyca01
537,Troy Stecher,30,EDM,D,37,3,3,6,1,23,3,0,0,0,3,0,0,35,8.0,76,520.87,14.08,0,0,,36,17,2,27,stechtr01
538,Alexey Toropchenko,25,STL,RW,42,1,5,6,-4,19,1,0,0,0,5,0,0,39,2.0,81,518.73,12.35,4,4,50.0,28,95,4,11,toropal01
539,Emil Andrae,22,PHI,D,20,1,4,5,3,12,1,0,0,0,2,2,0,25,4.0,74,386.13,19.3,0,0,,28,22,10,23,andraem01
540,Cam Atkinson,35,TBL,RW,24,3,2,5,-5,4,2,1,0,0,2,0,0,29,10.0,41,220.07,9.17,1,1,50.0,6,9,2,5,atkinca01
541,Nathan Bastian,27,NJD,RW,27,2,3,5,-1,27,1,0,1,1,3,0,0,24,8.0,44,276.73,10.25,3,5,37.5,13,56,0,11,bastina01
542,Jake Bean,26,CGY,D,29,2,3,5,1,6,2,0,0,0,3,0,0,31,6.0,77,449.63,15.5,0,0,,21,6,13,23,beanja01
543,Brandon Carlo,28,BOS,D,45,1,4,5,0,16,1,0,0,0,4,0,0,46,2.0,115,839.58,18.65,0,0,,99,49,12,53,carlobr01
544,Casey Cizikas,33,NYI,C,42,4,1,5,-12,8,4,0,0,1,1,0,0,38,10.0,74,529.2,12.6,157,126,55.5,32,91,12,19,cizikca01
545,Isaiah George,20,NYI,D,25,1,4,5,0,4,1,0,0,1,4,0,0,19,5.0,58,415.82,16.63,0,0,,30,9,5,19,georgis01
546,Carl Grundstrom,27,SJS,RW,31,1,4,5,-5,12,1,0,0,0,4,0,0,41,2.0,71,279.95,9.03,1,3,25.0,8,88,2,24,grundca01
547,Nicolas Hague,26,VEG,D,32,3,2,5,0,15,3,0,0,1,2,0,0,37,8.0,75,516.92,16.15,0,0,,36,40,8,30,hagueni01
548,Drew Helleson,23,ANA,D,20,2,3,5,-2,25,2,0,0,0,3,0,0,18,11.0,54,316.28,15.82,0,0,,27,27,7,12,helledr01
549,Justin Holl,33,DET,D,34,1,4,5,-2,10,1,0,0,0,4,0,0,15,6.0,49,520.45,15.3,0,0,,40,19,3,41,hollju01
550,Vladislav Kolyachonok,23,UTA,D,23,2,3,5,-7,2,2,0,0,1,3,0,0,12,16.0,37,283.68,12.33,0,0,,19,14,4,23,kolyavl01
551,Philipp Kurashev,25,CHI,C,31,3,2,5,-28,12,2,1,0,1,2,0,0,35,8.0,72,467.65,15.08,89,93,48.9,12,18,11,20,kurasph01
552,Nils Lundkvist,24,DAL,D,34,0,5,5,5,16,0,0,0,0,5,0,0,46,0.0,133,510.53,15.02,0,0,,32,16,5,25,lundkni01
553,Kyle MacLean,25,NYI,F,42,2,3,5,-8,10,2,0,0,0,3,0,0,32,6.0,57,416.87,9.93,125,136,47.9,17,50,7,16,macleky01
554,Sam Malinski,26,COL,D,44,1,4,5,-1,6,1,0,0,0,4,0,0,63,1.0,160,695.95,15.82,0,0,,62,23,13,41,malinsa01
555,Victor Mancini,22,NYR,D,15,1,4,5,-3,2,1,0,0,0,4,0,0,20,5.0,35,226.37,15.08,0,0,,20,14,1,20,mancivi01
556,Alec Martinez,37,CHI,D,17,1,4,5,-9,0,1,0,0,0,3,1,0,17,5.0,55,335.22,19.72,0,0,,42,7,5,18,martial01
557,Michael McCarron,29,NSH,RW,34,2,3,5,-15,41,2,0,0,0,3,0,0,30,6.0,66,438.5,12.9,187,167,52.8,23,67,5,15,mccarmi01
558,Jacob Moverare,26,LAK,D,23,1,4,5,6,4,1,0,0,0,4,0,0,18,5.0,44,279.83,12.17,0,0,,29,21,4,10,moverja01
559,Tomas Nosek,32,FLA,C,32,1,4,5,5,6,0,1,0,0,3,0,1,27,3.0,59,299.9,9.37,126,133,48.6,19,36,4,10,nosekto01
560,Derek Ryan,38,EDM,C,33,1,4,5,-5,12,1,0,0,0,4,0,0,17,5.0,36,310.55,9.42,138,91,60.3,21,24,9,11,ryande01
561,Mattias Samuelsson,24,BUF,D,26,2,3,5,-8,4,2,0,0,0,3,0,0,25,8.0,47,477.25,18.35,0,0,,34,43,4,28,samuema02
562,Cole Smith,29,NSH,F,34,2,3,5,-9,20,2,0,0,0,2,0,1,29,6.0,65,443.83,13.05,4,5,44.4,15,79,7,21,smithco02
563,Jayden Struble,23,MTL,D,26,2,3,5,-7,35,2,0,0,0,3,0,0,27,7.0,60,370.83,14.27,0,0,,25,53,10,23,strubja01
564,Jack Thompson,22,SJS,D,14,2,3,5,-8,6,2,0,0,0,0,3,0,17,11.0,47,224.8,16.05,0,0,,20,6,3,17,thompja01
565,Arber Xhekaj,24,MTL,D,39,1,4,5,-2,57,1,0,0,0,4,0,0,43,2.0,104,597.57,15.32,0,0,,39,97,9,41,xhekaar01
566,Oliver Wahlstrom,24,BOS,RW,37,3,2,5,-7,26,3,0,0,1,1,1,0,47,6.0,84,381.45,10.32,6,2,75.0,28,20,4,9,wahlsol01
567,Daniel Sprong,27,SEA,RW,19,2,3,5,-1,2,1,1,0,1,3,0,0,31,6.0,62,228.58,12.03,0,3,0.0,0,11,3,9,spronda01
568,Simon Benoit,26,TOR,D,42,0,4,4,3,28,0,0,0,0,4,0,0,29,0.0,65,704.53,16.77,0,0,,64,116,9,32,benoisi01
569,Jacob Bernard-Docker,24,OTT,D,25,1,3,4,2,4,1,0,0,0,3,0,0,18,5.0,55,327.65,13.1,0,0,,25,21,1,9,bernaja01
570,Nick Blankenburg,26,NSH,D,20,2,2,4,8,10,2,0,0,1,2,0,0,32,6.0,71,361.1,18.05,0,0,,22,21,7,17,blankni01
571,Seamus Casey,21,NJD,D,8,3,1,4,2,0,1,2,0,1,1,0,0,6,50.0,19,95.7,11.97,0,0,,7,4,0,8,caseyse01
572,Ty Dellandrea,24,SJS,C,35,1,3,4,-11,22,1,0,0,0,3,0,0,25,4.0,56,411.17,11.75,90,88,50.6,27,84,6,23,dellaty01
573,Christian Fischer,27,DET,RW,31,1,3,4,-3,11,1,0,0,0,3,0,0,20,5.0,46,355.67,11.47,5,2,71.4,11,61,4,9,fischch01
574,Luke Glendening,35,TBL,C,41,2,2,4,-5,6,1,0,1,0,1,0,1,27,7.0,55,450.42,10.98,260,213,55.0,32,55,2,7,glendlu01
575,Barclay Goodrow,31,SJS,RW,40,2,2,4,-22,36,1,0,1,0,2,0,0,47,4.0,81,567.88,14.2,59,60,49.6,31,79,21,30,goodrba01
576,Jansen Harkins,27,ANA,C,30,1,3,4,-6,12,1,0,0,0,3,0,0,21,4.0,44,319.28,10.65,68,58,54.0,22,77,12,22,harkija01
577,Ross Johnston,30,ANA,LW,30,1,3,4,-2,61,1,0,0,1,3,0,0,9,11.0,27,263.05,8.77,0,1,0.0,14,91,3,11,johnsro02
578,Mathieu Joseph,27,STL,RW,26,2,2,4,-6,8,2,0,0,0,2,0,0,31,6.0,57,314.87,12.12,22,21,51.2,10,43,10,12,josepma01
579,Dakota Joshua,28,VAN,C,24,2,2,4,-6,20,2,0,0,0,2,0,0,10,20.0,28,296.35,12.35,11,3,78.6,11,83,7,11,joshuda01
580,Marat Khusnutdinov,22,MIN,C,41,1,3,4,-5,12,1,0,0,0,2,0,1,20,5.0,42,454.42,11.08,146,169,46.3,25,35,2,17,khusnma01
581,Klim Kostin,25,SJS,C,26,1,3,4,-4,25,1,0,0,0,3,0,0,19,5.0,38,273.72,10.53,3,4,42.9,11,82,2,23,kostikl01
582,Rasmus Kupari,24,WPG,C,40,3,1,4,-2,14,3,0,0,1,1,0,0,35,8.0,62,376.77,9.42,155,132,54.0,18,48,7,19,kuparra01
583,Sam Lafferty,29,BUF,C,32,2,2,4,-2,18,2,0,0,0,2,0,0,24,8.0,41,318.1,9.93,29,34,46.0,9,47,1,15,laffesa01
584,Jakub Lauko,24,MIN,C,24,2,2,4,-6,16,1,0,1,1,2,0,0,19,10.0,38,240.05,10.0,1,5,16.7,15,48,4,10,laukoja01
585,Ryan Lomberg,30,CGY,LW,40,1,3,4,0,44,1,0,0,0,3,0,0,29,3.0,58,349.88,8.75,1,6,14.3,12,69,9,9,lombery01
586,Jonathon Merrill,32,MIN,D,36,1,3,4,-3,16,1,0,0,0,3,0,0,24,4.0,56,512.33,14.23,0,0,,43,19,5,36,merrijo01
587,Fraser Minten,20,TOR,C,11,2,2,4,0,0,2,0,0,1,1,1,0,13,15.0,28,140.65,12.78,37,45,45.1,7,31,1,2,mintefr01
588,Ivan Miroshnichenko,20,WSH,LW,18,1,3,4,1,0,1,0,0,0,2,1,0,14,7.0,32,168.17,9.35,0,0,,8,28,3,11,mirosiv01
589,Tyler Motte,29,DET,C,27,2,2,4,-10,2,2,0,0,0,2,0,0,31,6.0,77,326.32,12.08,5,8,38.5,20,35,12,12,mottety01
590,Brayden Pachal,25,CGY,D,42,2,2,4,0,51,2,0,0,0,2,0,0,39,5.0,120,609.42,14.52,0,0,,48,96,12,41,pachabr01
591,Matthew Poitras,20,BOS,C,14,1,3,4,-4,6,1,0,0,1,3,0,0,10,10.0,32,178.25,12.73,28,27,50.9,4,6,7,11,poitrma01
592,Aatu Raty,22,VAN,C,20,2,2,4,-2,8,2,0,0,0,2,0,0,12,16.0,19,190.28,9.52,99,77,56.3,3,48,1,3,ratyaa01
593,Kevin Rooney,31,CGY,C,34,3,1,4,-5,10,3,0,0,0,1,0,0,29,10.0,58,333.32,9.8,100,114,46.7,14,56,3,11,rooneke01
594,Fedor Svechkov,21,NSH,C,13,3,1,4,-3,2,3,0,0,0,0,1,0,16,18.0,38,158.98,12.23,33,47,41.3,4,12,2,17,svechfe01
595,Juuso Valimaki,26,UTA,D,36,2,2,4,-4,10,2,0,0,0,2,0,0,33,6.0,92,604.05,16.78,0,0,,41,18,10,33,valimju01
596,Jimmy Vesey,31,NYR,LW,26,3,1,4,-2,0,3,0,0,0,1,0,0,24,12.0,46,261.87,10.07,3,6,33.3,9,14,5,16,veseyji02
597,William Borgen,28,NYR,D,44,2,2,4,-13,13,2,0,0,0,2,0,0,35,5.0,112,706.6,16.07,0,0,,58,70,8,30,borgewi01
598,Jacob Bryson,27,BUF,D,26,0,3,3,-1,10,0,0,0,0,3,0,0,8,0.0,29,366.9,14.12,0,0,,32,4,3,18,brysoja01
599,Nikita Chibrikov,21,WPG,RW,4,2,1,3,1,0,2,0,0,0,0,1,0,6,33.0,10,45.62,11.4,0,0,,4,9,1,3,chibrni01
600,Luca Del Bel Belluz,21,CBJ,C,2,1,2,3,2,0,1,0,0,0,1,1,0,3,33.0,5,25.25,12.63,8,12,40.0,1,0,0,0,delbelu01
601,Marc Del Gaizo,25,NSH,D,21,0,3,3,0,17,0,0,0,0,3,0,0,28,0.0,65,328.58,15.65,0,0,,28,35,10,13,delgama01
602,Vincent Desharnais,28,VAN,D,29,0,3,3,-6,19,0,0,0,0,3,0,0,19,0.0,50,463.53,15.98,0,0,,43,46,3,27,deshavi01
603,Connor Dewar,25,TOR,C,26,0,3,3,0,5,0,0,0,0,2,0,1,25,0.0,50,272.52,10.48,51,68,42.9,16,74,2,16,dewarco01
604,Phillip Di Giuseppe,31,VAN,LW,11,0,3,3,-1,4,0,0,0,0,3,0,0,11,0.0,20,128.57,11.68,1,3,25.0,4,36,1,0,digiuph01
605,Justin Dowling,34,NJD,C,28,2,1,3,-2,2,2,0,0,0,1,0,0,17,11.0,44,255.55,9.13,74,84,46.8,11,21,6,17,dowliju01
606,Derek Forbort,32,VAN,D,16,0,3,3,-3,15,0,0,0,0,3,0,0,11,0.0,41,284.33,17.77,0,0,,20,13,5,15,forbode01
607,Travis Hamonic,34,OTT,D,37,0,3,3,-10,13,0,0,0,0,3,0,0,45,0.0,117,644.25,17.42,0,0,,58,38,13,37,hamontr01
608,Jordan Harris,24,CBJ,D,24,1,2,3,-5,6,1,0,0,0,2,0,0,12,8.0,27,279.63,11.65,0,0,,26,17,3,11,harrijo01
609,Albert Johansson,24,DET,D,21,1,2,3,-5,4,1,0,0,1,2,0,0,17,5.0,45,286.4,13.63,0,0,,26,15,6,22,johanal01
610,Henri Jokiharju,25,BUF,D,29,1,2,3,4,10,1,0,0,1,2,0,0,37,2.0,89,510.22,17.6,0,0,,29,24,8,29,jokihhe01
611,Wyatt Kaiser,22,CHI,D,33,1,2,3,-4,14,1,0,0,0,2,0,0,42,2.0,86,587.73,17.82,0,0,,59,35,15,39,kaisewy01
612,Matthew Kessel,24,STL,D,26,0,3,3,-1,10,0,0,0,0,3,0,0,16,0.0,53,337.9,13.0,0,0,,19,21,4,29,kessema01
613,Tyler Kleven,23,OTT,D,42,2,1,3,-2,14,2,0,0,1,1,0,0,37,5.0,90,598.62,14.25,0,0,,45,56,15,37,klevety01
614,Pyotr Kochetkov,25,CAR,G,28,0,3,3,0,4,0,0,0,0,2,1,0,1,0.0,1,1654.75,59.1,0,0,,0,0,0,10,kochepy01
615,Kaedan Korczak,24,VEG,D,17,0,3,3,4,0,0,0,0,0,3,0,0,13,0.0,31,255.55,15.03,0,0,,20,27,4,13,korczka01
616,Maveric Lamoureux,21,UTA,D,15,1,2,3,3,42,1,0,0,0,2,0,0,17,5.0,41,241.87,16.12,0,0,,11,18,3,16,lamouma01
617,Andre Lee,24,LAK,LW,19,1,2,3,-5,11,1,0,0,1,2,0,0,18,5.0,31,174.25,9.17,0,0,,10,36,4,8,leean02
618,Jonathan Lekkerimaki,20,VAN,RW,9,2,1,3,-4,2,2,0,0,0,1,0,0,13,15.0,26,124.15,13.8,0,0,,3,5,1,6,lekkejo01
619,Zack MacEwen,28,OTT,C,20,2,1,3,0,16,2,0,0,0,1,0,0,25,8.0,46,157.03,7.85,6,7,46.2,7,46,3,7,macewza01
620,Josh Mahura,26,SEA,D,32,0,3,3,-2,10,0,0,0,0,3,0,0,27,0.0,68,425.2,13.28,0,0,,24,48,7,22,mahurjo01
621,Logan Mailloux,21,MTL,D,5,1,2,3,-4,6,1,0,0,0,2,0,0,7,14.0,15,82.47,16.5,0,0,,7,6,0,4,mailllo01
622,Denton Mateychuk,20,CBJ,D,9,1,2,3,-1,0,1,0,0,0,2,0,0,9,11.0,21,160.95,17.88,0,0,,17,7,4,5,mateyde01
623,Philippe Myers,28,TOR,D,16,0,3,3,-1,0,0,0,0,0,3,0,0,20,0.0,63,278.25,17.38,0,0,,23,40,8,20,myersph01
624,Frank Nazar,21,CHI,C,15,1,2,3,-4,8,1,0,0,1,2,0,0,15,6.0,33,204.37,13.62,37,51,42.0,9,11,0,10,nazarfr01
625,Matthew Nieto,32,PIT,LW,24,1,2,3,-2,2,1,0,0,0,1,1,0,19,5.0,25,300.13,12.5,1,3,25.0,17,26,1,13,nietoma01
626,Jordan Oesterle,32,BOS,D,17,0,3,3,0,0,0,0,0,0,3,0,0,16,0.0,43,307.82,18.1,0,0,,30,16,5,22,oestejo01
627,Zack Ostapchuk,21,OTT,C,28,0,3,3,-5,13,0,0,0,0,3,0,0,14,0.0,24,251.52,8.98,54,61,47.0,8,54,2,10,ostapza01
628,Brendan Smith,35,DAL,D,16,0,3,3,-3,20,0,0,0,0,3,0,0,12,0.0,34,214.02,13.38,0,0,,13,19,5,14,smithbr05
629,Akil Thomas,25,LAK,C,16,1,2,3,-1,2,1,0,0,0,2,0,0,18,5.0,29,166.38,10.4,12,19,38.7,10,24,1,2,thomaak01
630,Adam Wilsby,24,NSH,D,15,1,2,3,3,2,1,0,0,0,2,0,0,22,4.0,54,280.8,18.72,0,0,,12,10,5,14,wilsbad01
631,Dustin Wolf,23,CGY,G,23,0,3,3,0,2,0,0,0,0,2,1,0,0,,0,1389.68,60.42,0,0,,0,0,0,8,wolfdu01
632,Miles Wood,29,COL,LW,16,2,1,3,-1,12,2,0,0,1,1,0,0,30,6.0,63,192.53,12.03,3,6,33.3,8,16,1,10,woodmi01
633,Nils √Öman,24,VAN,C,5,0,2,2,-3,0,0,0,0,0,2,0,0,2,0.0,5,53.5,10.7,10,13,43.5,0,8,0,1,amanni01
634,Nicolas Aube-Kubel,28,BUF,RW,18,1,1,2,-3,17,1,0,0,0,1,0,0,18,5.0,37,174.22,9.68,3,2,60.0,3,32,8,11,aubekni01
635,Tyson Barrie,33,CGY,D,9,1,1,2,-2,2,1,0,0,0,0,1,0,12,8.0,25,137.98,15.33,0,0,,8,8,2,8,barrity01
636,Lian Bichsel,20,DAL,D,8,2,0,2,2,6,2,0,0,1,0,0,0,4,50.0,11,109.68,13.72,0,0,,2,26,0,1,bichsli01
637,Robert Bortuzzo,35,UTA,D,16,0,2,2,-2,22,0,0,0,0,2,0,0,7,0.0,16,174.18,10.88,0,0,,26,20,0,17,borturo01
638,Kyle Burroughs,29,LAK,D,23,0,2,2,3,29,0,0,0,0,2,0,0,3,0.0,15,183.47,7.98,0,0,,8,32,3,11,burroky01
639,Louis Crevier,23,CHI,D,15,2,0,2,-1,10,2,0,0,0,0,0,0,17,11.0,39,269.68,17.98,0,0,,26,24,2,18,crevilo01
640,Colton Dach,22,CHI,C,6,0,2,2,-1,0,0,0,0,0,2,0,0,10,0.0,12,69.55,11.6,3,3,50.0,2,21,1,5,dachco01
641,Josh Doan,22,UTA,RW,11,1,1,2,-1,6,1,0,0,0,1,0,0,14,7.0,33,145.5,13.23,19,26,42.2,3,10,4,3,doanjo01
642,Mathew Dumba,30,DAL,D,25,0,2,2,-1,29,0,0,0,0,2,0,0,22,0.0,74,387.17,15.48,0,0,,20,35,7,32,dumbama01
643,Sean Durzi,26,UTA,D,4,0,2,2,2,7,0,0,0,0,2,0,0,3,0.0,11,85.83,21.47,0,0,,13,2,3,10,durzise01
644,Ethen Frank,26,WSH,F,2,1,1,2,2,2,1,0,0,1,1,0,0,1,100.0,3,20.83,10.42,0,1,0.0,0,3,1,0,franket01
645,Zemgus Girgensons,31,TBL,C,41,0,2,2,-4,22,0,0,0,0,2,0,0,41,0.0,71,445.37,10.87,14,21,40.0,20,75,4,13,girgeze01
646,Gage Goncalves,24,TBL,C,26,1,1,2,-1,4,1,0,0,0,0,1,0,17,5.0,33,305.32,11.75,0,0,,8,22,9,15,goncaga01
647,Collin Graf,22,SJS,F,5,0,2,2,-1,0,0,0,0,0,1,1,0,2,0.0,3,74.2,14.83,2,0,100.0,4,3,2,1,grafco01
648,Filip Gustavsson,26,MIN,G,30,1,1,2,0,0,0,1,0,0,0,1,0,1,100.0,1,1753.98,58.47,0,0,,0,0,0,5,gustafi01
649,Joel Hanley,33,CGY,D,17,0,2,2,7,4,0,0,0,0,2,0,0,11,0.0,39,264.65,15.57,0,0,,23,16,0,21,hanlejo01
650,Samuel Helenius,22,LAK,C,21,0,2,2,-3,14,0,0,0,0,2,0,0,13,0.0,33,179.55,8.55,43,52,45.3,8,70,1,6,helensa02
651,Grant Hutton,29,NYI,D,13,0,2,2,1,4,0,0,0,0,2,0,0,10,0.0,20,175.0,13.47,0,0,,12,13,2,8,huttogr01
652,Erik Johnson,36,PHI,D,15,1,1,2,-2,9,1,0,0,0,0,0,1,5,20.0,17,200.52,13.37,0,0,,10,23,6,10,johnser01
653,Jack Johnson,38,CBJ,D,27,0,2,2,-7,2,0,0,0,0,2,0,0,14,0.0,33,349.15,12.93,0,0,,20,11,7,11,johnsja02
654,Tyler Johnson,34,BOS,C,9,0,2,2,-1,10,0,0,0,0,1,1,0,6,0.0,16,117.7,13.08,7,4,63.6,2,5,0,2,johnsty01
655,Pierre-Olivier Joseph,25,PIT,D,34,0,2,2,-15,29,0,0,0,0,2,0,0,33,0.0,78,502.98,14.8,0,0,,23,28,13,37,joseppi01
656,Tyson Jost,26,CAR,C,16,2,0,2,3,12,2,0,0,0,0,0,0,17,11.0,26,167.48,10.47,30,31,49.2,10,20,4,4,jostty01
657,Oliver Kapanen,21,MTL,C,12,0,2,2,-4,2,0,0,0,0,1,1,0,13,0.0,27,139.55,11.63,23,27,46.0,6,1,0,6,kapanol01
658,Rory Kerins,22,CGY,C,1,0,2,2,3,0,0,0,0,0,2,0,0,2,0.0,4,14.95,14.95,0,1,0.0,1,0,0,1,kerinro01
659,Oliver Kylington,27,COL,D,8,1,1,2,-2,4,1,0,0,0,1,0,0,2,50.0,16,97.33,12.17,0,0,,6,2,0,5,kylinol01
660,Curtis Lazar,29,NJD,C,20,1,1,2,-2,6,1,0,0,0,1,0,0,13,7.0,23,199.48,9.97,83,76,52.2,5,53,2,3,lazarcu01
661,John Ludvig,24,COL,D,8,0,2,2,-4,6,0,0,0,0,2,0,0,9,0.0,13,103.6,12.95,0,0,,6,16,1,5,ludvijo01
662,Dylan McIlrath,32,WSH,D,11,0,2,2,1,14,0,0,0,0,2,0,0,4,0.0,16,119.98,10.9,0,0,,7,23,3,11,mcilrdy01
663,Marc McLaughlin,25,BOS,F,12,2,0,2,-1,0,2,0,0,0,0,0,0,13,15.0,23,110.35,9.2,12,16,42.9,6,23,2,6,mclauma01
664,Nikita Nesterenko,23,ANA,C,4,1,1,2,0,0,1,0,0,0,1,0,0,2,50.0,6,40.17,10.05,0,0,,3,11,0,3,nesteni02
665,Owen Pickering,21,PIT,D,20,1,1,2,-5,2,1,0,0,0,1,0,0,10,10.0,39,298.43,14.92,0,0,,14,11,5,9,pickeow01
666,Valtteri Puustinen,25,PIT,RW,10,1,1,2,-4,4,0,1,0,0,1,0,0,6,16.0,10,98.88,9.88,0,0,,5,5,3,3,puustva01
667,Ryan Reaves,38,TOR,RW,27,0,2,2,-1,23,0,0,0,0,2,0,0,10,0.0,22,215.75,7.98,0,1,0.0,6,86,2,6,reavery01
668,Cole Reinhardt,24,OTT,LW,12,1,1,2,-5,11,1,0,0,0,1,0,0,11,9.0,17,97.62,8.13,1,0,100.0,2,29,0,4,reinhco01
669,Luke Schenn,35,NSH,D,42,1,1,2,-10,29,1,0,0,0,1,0,0,48,2.0,125,648.37,15.43,0,0,,57,160,9,32,schenlu01
670,Michael Sgarbossa,32,WSH,C,3,1,1,2,2,2,1,0,0,0,1,0,0,1,100.0,4,28.02,9.33,9,11,45.0,1,1,0,0,sgarbmi01
671,Ryan Shea,27,PIT,D,20,0,2,2,-6,6,0,0,0,0,1,1,0,8,0.0,34,308.22,15.42,0,0,,27,7,6,18,sheary01
672,Ty Smith,24,CAR,D,8,1,1,2,1,4,0,1,0,0,1,0,0,14,7.0,26,109.32,13.67,0,0,,5,2,1,3,smithty01
673,Artem Zub,29,OTT,D,17,0,2,2,-6,10,0,0,0,0,2,0,0,20,0.0,51,323.2,19.02,0,0,,30,23,5,15,zubar01
674,Urho Vaakanainen,26,NYR,D,17,0,2,2,0,8,0,0,0,0,2,0,0,9,0.0,30,250.22,14.72,0,0,,20,8,2,10,vaakaur01
675,Joey Anderson,26,CHI,RW,18,0,1,1,-2,0,0,0,0,0,1,0,0,17,0.0,31,223.08,12.4,3,2,60.0,13,12,8,4,anderjo08
676,Yaroslav Askarov,22,SJS,G,8,0,1,1,0,0,0,0,0,0,1,0,0,0,,0,477.13,59.65,0,0,,0,0,0,6,askarya01
677,Arshdeep Bains,24,VAN,F,11,1,0,1,-4,0,1,0,0,1,0,0,0,7,14.0,15,120.3,10.93,3,1,75.0,5,16,1,4,bainsar01
678,Justin Barron,23,NSH,D,24,1,0,1,-7,10,1,0,0,0,0,0,0,22,4.0,48,357.52,14.9,0,0,,32,28,4,19,barroju01
679,Callahan Burke,27,VEG,C,6,1,0,1,2,2,1,0,0,0,0,0,0,12,8.0,16,66.43,11.07,0,0,,3,0,0,3,burkeca01
680,Drake Caggiula,30,EDM,LW,7,0,1,1,0,5,0,0,0,0,1,0,0,6,0.0,9,51.1,7.3,1,0,100.0,3,8,0,3,caggidr01
681,Ethan Cardwell,22,SJS,RW,6,1,0,1,-2,2,1,0,0,0,0,0,0,5,20.0,11,69.18,11.53,1,1,50.0,3,8,1,5,cardwet01
682,Declan Carlile,24,TBL,D,1,1,0,1,1,0,1,0,0,0,0,0,0,1,100.0,3,11.17,11.17,0,0,,2,0,0,0,carlide01
683,Sam Colangelo,23,ANA,RW,11,1,0,1,-6,0,1,0,0,0,0,0,0,16,6.0,32,118.4,10.77,2,7,22.2,6,20,0,5,colansa01
684,Lucas Condotta,27,MTL,F,7,1,0,1,-2,0,1,0,0,0,0,0,0,5,20.0,10,57.42,8.2,17,12,58.6,3,10,0,2,condolu01
685,Nick DeSimone,30,UTA,D,2,0,1,1,1,0,0,0,0,0,1,0,0,2,0.0,7,28.48,14.25,0,0,,0,1,0,4,desimni01
686,Nicolas Deslauriers,33,PHI,LW,7,0,1,1,0,5,0,0,0,0,1,0,0,4,0.0,11,42.57,6.08,1,0,100.0,1,15,0,1,deslani01
687,Casey DeSmith,33,DAL,G,13,0,1,1,0,2,0,0,0,0,1,0,0,0,,0,698.73,53.75,0,0,,0,0,0,3,desmica01
688,Walker Duehr,27,CGY,F,14,0,1,1,-4,0,0,0,0,0,1,0,0,7,0.0,20,125.15,8.93,1,7,12.5,9,24,0,6,duehrwa01
689,Andreas Englund,29,LAK,D,11,1,0,1,-1,12,1,0,0,0,0,0,0,4,25.0,7,113.82,10.35,0,0,,7,20,1,8,engluan01
690,Jonah Gadjovich,26,FLA,LW,18,1,0,1,-6,10,1,0,0,1,0,0,0,11,9.0,28,141.02,7.83,0,0,,2,56,0,2,gadjojo01
691,Alexandar Georgiev,28,SJS,G,25,0,1,1,0,0,0,0,0,0,0,1,0,0,,0,1352.18,54.08,0,0,,0,0,0,7,georgal01
692,John Gibson,31,ANA,G,17,0,1,1,0,0,0,0,0,0,1,0,0,0,,0,952.4,56.02,0,0,,0,0,0,9,gibsojo02
693,Dennis Gilbert,28,BUF,D,15,0,1,1,-2,43,0,0,0,0,1,0,0,2,0.0,11,153.28,10.22,0,0,,11,37,1,6,gilbede01
694,Helge Grans,22,PHI,D,6,0,1,1,0,2,0,0,0,0,1,0,0,5,0.0,13,86.75,14.47,0,0,,5,4,2,8,granshe01
695,Kevin Gravel,32,NSH,D,3,0,1,1,2,0,0,0,0,0,1,0,0,1,0.0,8,54.95,18.32,0,0,,4,4,0,2,graveke01
696,Daniil Gushchin,22,SJS,LW,10,0,1,1,-2,6,0,0,0,0,1,0,0,13,0.0,33,121.2,12.12,1,0,100.0,5,5,0,1,gushcda01
697,Ville Heinola,23,WPG,D,14,0,1,1,6,4,0,0,0,0,1,0,0,9,0.0,33,194.3,13.88,0,0,,10,6,6,9,heinovi01
698,Matthew Highmore,28,OTT,LW,2,1,0,1,0,0,1,0,0,1,0,0,0,2,50.0,5,23.25,11.63,0,0,,1,3,0,0,highmma01
699,Vinnie Hinostroza,30,NSH,C,6,0,1,1,2,2,0,0,0,0,1,0,0,6,0.0,23,72.18,12.03,1,0,100.0,5,7,0,4,hinosvi01
700,Joel Hofer,24,STL,G,15,0,1,1,0,2,0,0,0,0,1,0,0,0,,0,839.57,55.97,0,0,,0,0,0,9,hoferjo01
701,Arttu Hyry,23,DAL,F,5,0,1,1,0,0,0,0,0,0,1,0,0,5,0.0,8,45.42,9.08,11,5,68.8,3,4,1,1,hyryar01
702,Juha Jaaska,26,CAR,F,6,0,1,1,0,2,0,0,0,0,1,0,0,3,0.0,7,53.8,8.97,5,4,55.6,2,8,0,0,jaaskju01
703,David Jiricek,21,MIN,D,9,0,1,1,-2,4,0,0,0,0,1,0,0,7,0.0,20,108.77,12.08,0,0,,6,10,2,11,jiricda01
704,Spencer Knight,23,FLA,G,15,0,1,1,0,0,0,0,0,0,1,0,0,0,,0,857.68,57.18,0,0,,0,0,0,7,knighsp01
705,Tyson Kozak,22,BUF,C,5,1,0,1,0,0,1,0,0,0,0,0,0,4,25.0,11,46.88,9.38,22,19,53.7,4,4,1,3,kozakty01
706,Tanner Laczynski,27,VEG,C,6,1,0,1,0,6,1,0,0,0,0,0,0,2,50.0,5,52.08,8.68,14,16,46.7,3,2,0,0,laczyta01
707,Jeremy Lauzon,27,NSH,D,28,0,1,1,-4,37,0,0,0,0,1,0,0,25,0.0,70,503.2,17.97,0,0,,34,127,4,19,lauzoje01
708,Ukko-Pekka Luukkonen,25,BUF,G,31,0,1,1,0,0,0,0,0,0,1,0,0,0,,0,1788.32,57.68,0,0,,0,0,0,5,luukkuk01
709,Matt Martin,35,NYI,LW,22,0,1,1,-2,5,0,0,0,0,1,0,0,12,0.0,24,177.05,8.05,3,4,42.9,12,62,1,9,martima02
710,Georgii Merkulov,24,BOS,F,3,0,1,1,-1,0,0,0,0,0,1,0,0,4,0.0,5,41.22,13.73,0,1,0.0,0,1,0,1,merkuge01
711,Shakir Mukhamadullin,23,SJS,D,10,1,0,1,0,2,1,0,0,0,0,0,0,10,10.0,28,153.98,15.4,0,0,,14,7,3,8,mukhash01
712,Simon Nemec,20,NJD,D,9,0,1,1,-2,4,0,0,0,0,0,1,0,9,0.0,23,145.08,16.12,0,0,,10,1,4,5,nemecsi01
713,Jake Oettinger,26,DAL,G,31,0,1,1,0,0,0,0,0,0,1,0,0,0,,0,1810.37,58.4,0,0,,0,0,0,7,oettija01
714,Isaak Phillips,23,CHI,D,3,1,0,1,0,0,1,0,0,0,0,0,0,3,33.0,5,35.68,11.9,0,0,,4,3,0,2,phillis01
715,Noah Philp,26,EDM,F,3,0,1,1,1,0,0,0,0,0,1,0,0,4,0.0,5,30.63,10.22,14,15,48.3,1,1,0,1,philpno01
716,Samuel Poulin,23,PIT,RW,6,0,1,1,1,2,0,0,0,0,1,0,0,2,0.0,8,60.58,10.1,0,0,,0,8,2,7,poulisa01
717,Matt Rempe,22,NYR,C,7,0,1,1,1,24,0,0,0,0,1,0,0,1,0.0,4,45.58,6.52,0,3,0.0,1,18,1,1,rempema01
718,Calum Ritchie,20,COL,C,7,1,0,1,-7,0,1,0,0,0,0,0,0,11,9.0,20,89.47,12.78,3,4,42.9,2,6,1,4,ritchca01
719,Chad Ruhwedel,34,NYR,D,5,0,1,1,2,0,0,0,0,0,1,0,0,1,0.0,7,70.52,14.1,0,0,,5,8,1,4,ruhwech01
720,Juuse Saros,29,NSH,G,33,0,1,1,0,2,0,0,0,0,0,1,0,0,,0,1923.9,58.3,0,0,,0,0,0,16,sarosju01
721,Devin Shore,30,MIN,C,24,0,1,1,-4,2,0,0,0,0,1,0,0,19,0.0,30,199.37,8.3,1,0,100.0,15,30,6,9,shorede01
722,Jack St. Ivany,25,PIT,D,19,0,1,1,-3,17,0,0,0,0,1,0,0,12,0.0,35,310.98,16.37,0,0,,25,38,7,16,stivajo01
723,Mitchell Stephens,27,SEA,C,12,0,1,1,-5,0,0,0,0,0,1,0,0,9,0.0,20,121.15,10.1,53,42,55.8,2,7,1,1,stephmi01
724,Daniil Tarasov,25,CBJ,G,10,0,1,1,0,0,0,0,0,0,1,0,0,0,,0,595.63,59.57,0,0,,0,0,0,2,tarasda02
725,Tyler Tucker,24,STL,D,10,1,0,1,2,16,1,0,0,0,0,0,0,9,11.0,21,116.62,11.67,0,0,,6,21,3,9,tuckety01
726,T.J. Tynan,32,COL,C,8,0,1,1,-1,4,0,0,0,0,1,0,0,4,0.0,8,63.52,7.93,7,11,38.9,4,4,0,5,tynant.01
727,Linus Ullmark,31,OTT,G,23,0,1,1,0,0,0,0,0,0,1,0,0,0,,0,1284.27,55.83,0,0,,0,0,0,3,ullmali01
728,Vitek Vanƒõcek,29,SJS,G,14,0,1,1,0,0,0,0,0,0,1,0,0,0,,0,733.88,52.42,0,0,,0,0,0,4,vanecvi01
729,Daniel Vladar,27,CGY,G,19,0,1,1,0,0,0,0,0,0,1,0,0,0,,0,1150.57,60.55,0,0,,0,0,0,1,vladada01
730,Marc-edouard Vlasic,37,SJS,D,2,0,1,1,1,0,0,0,0,0,1,0,0,2,0.0,2,24.62,12.32,0,0,,2,0,0,1,vlasima01
731,Chris Wagner,33,COL,C,23,1,0,1,-7,9,1,0,0,0,0,0,0,24,4.0,43,158.97,6.92,43,50,46.2,9,47,1,4,wagnech01
732,Ryan Winterton,21,SEA,C,8,0,1,1,-7,0,0,0,0,0,1,0,0,8,0.0,12,82.93,10.37,0,1,0.0,4,13,0,3,wintery01
733,Parker Wotherspoon,27,BOS,D,22,0,1,1,-2,4,0,0,0,0,1,0,0,15,0.0,40,377.07,17.13,0,0,,27,29,9,30,wothepa01
734,Alexander Alexeyev,25,WSH,D,5,0,0,0,4,0,0,0,0,0,0,0,0,4,0.0,8,66.1,13.22,0,0,,10,6,0,2,alexeal01
735,Jake Allen,34,NJD,G,13,0,0,0,0,0,0,0,0,0,0,0,0,1,0.0,1,761.97,58.62,0,0,,0,0,0,8,allenja01
736,Frederik Andersen,35,CAR,G,4,0,0,0,0,0,0,0,0,0,0,0,0,0,,0,242.43,60.62,0,0,,0,0,0,2,anderfr01
737,Justus Annunen,24,NSH,G,17,0,0,0,0,0,0,0,0,0,0,0,0,0,,0,837.02,49.23,0,0,,0,0,0,0,annunju01
738,Rasmus Asplund,27,FLA,F,2,0,0,0,0,0,0,0,0,0,0,0,0,1,0.0,2,15.05,7.53,0,1,0.0,0,1,1,0,asplura01
739,Andreas Athanasiou,30,CHI,C,5,0,0,0,-1,0,0,0,0,0,0,0,0,6,0.0,10,47.97,9.6,18,19,48.6,4,5,1,1,athanan01
740,Alex Barre-Boulet,27,MTL,F,2,0,0,0,-2,2,0,0,0,0,0,0,0,0,,1,20.32,10.17,0,0,,0,3,1,0,barreal01
741,Matt Benning,30,SJS,D,7,0,0,0,-5,4,0,0,0,0,0,0,0,7,0.0,15,91.28,13.03,0,0,,10,9,1,4,bennima01
742,Jordan Binnington,31,STL,G,31,0,0,0,0,2,0,0,0,0,0,0,0,0,,0,1790.37,57.75,0,0,,0,0,0,5,binnijo01
743,Tobias Bjornfot,23,FLA,D,3,0,0,0,-1,0,0,0,0,0,0,0,0,2,0.0,8,41.73,13.92,0,0,,1,4,0,1,bjornto01
744,Mackenzie Blackwood,28,COL,G,30,0,0,0,0,0,0,0,0,0,0,0,0,1,0.0,1,1674.07,55.8,0,0,,0,0,0,11,blackma01
745,Joel Blomqvist,23,PIT,G,8,0,0,0,0,0,0,0,0,0,0,0,0,0,,0,416.22,52.03,0,0,,0,0,0,2,blomqjo01
746,Matƒõj Blumel,24,DAL,RW,2,0,0,0,0,0,0,0,0,0,0,0,0,2,0.0,2,16.73,8.37,0,0,,0,2,1,0,blumema01
747,Sergei Bobrovsky,36,FLA,G,30,0,0,0,0,0,0,0,0,0,0,0,0,1,0.0,1,1790.95,59.7,0,0,,0,0,0,13,bobrose01
748,Samuel Bolduc,24,NYI,D,1,0,0,0,-1,0,0,0,0,0,0,0,0,0,,1,5.93,5.93,0,0,,0,0,0,0,boldusa01
749,Shane Bowers,25,NJD,C,4,0,0,0,-1,0,0,0,0,0,0,0,0,2,0.0,2,33.02,8.25,1,0,100.0,1,9,1,1,bowersh01
750,Travis Boyd,31,MIN,C,3,0,0,0,0,0,0,0,0,0,0,0,0,0,,3,23.42,7.8,0,0,,3,1,0,2,boydtr01
751,Chase Bradley,23,COL,LW,2,0,0,0,0,0,0,0,0,0,0,0,0,0,,2,11.15,5.58,0,0,,1,1,0,0,bradlch01
752,Guillaume Brisebois,27,VAN,D,3,0,0,0,0,0,0,0,0,0,0,0,0,2,0.0,6,47.42,15.8,0,0,,4,2,1,0,brisegu01
753,Brendan Brisson,23,VEG,C,7,0,0,0,-3,0,0,0,0,0,0,0,0,7,0.0,16,71.23,10.18,0,0,,0,7,1,1,brissbr01
754,Josh Brown,31,EDM,D,6,0,0,0,-1,7,0,0,0,0,0,0,0,4,0.0,9,64.87,10.82,0,0,,9,12,0,1,brownjo01
755,Patrick Brown,32,BOS,C,1,0,0,0,-1,0,0,0,0,0,0,0,0,2,0.0,3,12.7,12.7,2,2,50.0,2,4,1,0,brownpa02
756,Nathan Clurman,26,PIT,D,1,0,0,0,0,2,0,0,0,0,0,0,0,4,0.0,4,11.08,11.08,0,0,,0,1,0,0,clurmna01
757,Dylan Coghlan,26,WPG,D,6,0,0,0,1,4,0,0,0,0,0,0,0,9,0.0,23,92.12,15.35,0,0,,7,2,2,8,coghldy01
758,Drew Commesso,22,CHI,G,2,0,0,0,0,0,0,0,0,0,0,0,0,0,,0,71.35,35.68,0,0,,0,0,0,0,commedr01
759,Eric Comrie,29,WPG,G,10,0,0,0,0,0,0,0,0,0,0,0,0,0,,0,591.13,59.12,0,0,,0,0,0,0,comrier01
760,Pheonix Copley,33,LAK,G,1,0,0,0,0,0,0,0,0,0,0,0,0,0,,0,27.48,27.48,0,0,,0,0,0,0,copleph01
761,Sebastian Cossa,22,DET,G,1,0,0,0,0,0,0,0,0,0,0,0,0,0,,0,45.0,45.0,0,0,,0,0,0,0,cossase01
762,Joey Daccord,28,SEA,G,26,0,0,0,0,0,0,0,0,0,0,0,0,1,0.0,1,1496.17,57.55,0,0,,0,0,0,10,daccojo01
763,Thatcher Demko,29,VAN,G,8,0,0,0,0,0,0,0,0,0,0,0,0,0,,0,453.62,56.7,0,0,,0,0,0,6,demkoth01
764,Grigori Denisenko,24,VEG,LW,1,0,0,0,0,2,0,0,0,0,0,0,0,0,,2,8.45,8.45,0,1,0.0,0,5,0,0,denisgr01
765,Travis Dermott,28,MIN,D,17,0,0,0,-4,2,0,0,0,0,0,0,0,7,0.0,23,212.57,12.5,0,0,,16,6,3,9,dermotr01
766,Jakub Dobes,23,MTL,G,3,0,0,0,0,0,0,0,0,0,0,0,0,0,,0,185.98,62.0,0,0,,0,0,0,1,dobesja01
767,Louis Domingue,32,NYR,G,1,0,0,0,0,0,0,0,0,0,0,0,0,0,,0,60.0,60.0,0,0,,0,0,0,0,dominlo01
768,Lukas Dostal,24,ANA,G,26,0,0,0,0,0,0,0,0,0,0,0,0,0,,0,1516.1,58.32,0,0,,0,0,0,7,dostalu01
769,Samuel Ersson,25,PHI,G,22,0,0,0,0,0,0,0,0,0,0,0,0,0,,0,1192.55,54.2,0,0,,0,0,0,6,erssosa01
770,Hudson Fasching,29,NYI,RW,19,0,0,0,-6,2,0,0,0,0,0,0,0,11,0.0,27,169.78,8.93,0,2,0.0,3,11,5,13,faschhu01
771,Ivan Fedotov,28,PHI,G,12,0,0,0,0,0,0,0,0,0,0,0,0,0,,0,671.37,55.95,0,0,,0,0,0,3,fedotiv01
772,Tye Felhaber,26,COL,F,5,0,0,0,-1,0,0,0,0,0,0,0,0,2,0.0,4,27.58,5.52,0,0,,0,7,1,0,felhaty01
773,Cale Fleury,26,SEA,D,2,0,0,0,0,0,0,0,0,0,0,0,0,1,0.0,5,22.97,11.48,0,0,,3,4,2,1,fleurca01
774,Marc-Andre Fleury,40,MIN,G,14,0,0,0,0,0,0,0,0,0,0,0,0,0,,0,779.8,55.7,0,0,,0,0,0,4,fleurma01
775,Nolan Foote,24,NJD,LW,2,0,0,0,-1,0,0,0,0,0,0,0,0,0,,5,21.53,10.77,0,0,,0,2,0,1,footeno01
776,Anton Forsberg,32,OTT,G,14,0,0,0,0,0,0,0,0,0,0,0,0,0,,0,792.85,56.63,0,0,,0,0,0,2,forsban01
777,Liam Foudy,24,NYI,C,2,0,0,0,-1,0,0,0,0,0,0,0,0,1,0.0,3,14.9,7.45,0,0,,1,0,1,0,foudyli01
778,Mark Friedman,29,VAN,D,3,0,0,0,-2,0,0,0,0,0,0,0,0,3,0.0,5,45.42,15.13,0,0,,6,6,2,1,friedma01
779,Brendan Gaunce,30,MIN,C,5,0,0,0,-3,4,0,0,0,0,0,0,0,4,0.0,11,47.4,9.48,10,14,41.7,0,6,0,2,gauncbr01
780,Julien Gauthier,27,NYI,RW,1,0,0,0,0,0,0,0,0,0,0,0,0,0,,0,7.7,7.7,0,0,,0,2,0,0,gauthju01
781,Patrick Giles,25,FLA,F,9,0,0,0,-1,0,0,0,0,0,0,0,0,4,0.0,6,66.45,7.38,14,33,29.8,4,16,0,5,gilespa01
782,Ryan Graves,29,PIT,D,31,0,0,0,-8,13,0,0,0,0,0,0,0,23,0.0,75,478.15,15.42,0,0,,40,36,13,32,gravery01
783,Jet Greaves,23,CBJ,G,5,0,0,0,0,0,0,0,0,0,0,0,0,0,,0,301.63,60.33,0,0,,0,0,0,0,greavje01
784,Nikita Grebenkin,21,TOR,RW,7,0,0,0,-3,2,0,0,0,0,0,0,0,2,0.0,6,61.23,8.75,1,0,100.0,1,13,1,1,grebeni01
785,Philipp Grubauer,33,SEA,G,20,0,0,0,0,0,0,0,0,0,0,0,0,0,,0,1101.45,55.07,0,0,,0,0,0,6,grubaph01
786,Erik Gudbranson,33,CBJ,D,3,0,0,0,0,2,0,0,0,0,0,0,0,1,0.0,5,47.32,15.77,0,0,,3,4,0,3,gudbrer01
787,David Gustafsson,24,WPG,C,12,0,0,0,1,7,0,0,0,0,0,0,0,12,0.0,22,100.52,8.38,35,31,53.0,5,11,0,0,gustada01
788,Robert Hagg,29,VEG,D,2,0,0,0,0,0,0,0,0,0,0,0,0,0,,2,22.28,11.15,0,0,,2,11,0,0,haggro01
789,Jani Hakanpaa,32,TOR,D,2,0,0,0,-1,0,0,0,0,0,0,0,0,2,0.0,5,28.17,14.08,0,0,,4,1,0,6,hakanja01
790,Mike Hardman,25,NJD,RW,1,0,0,0,0,0,0,0,0,0,0,0,0,0,,1,8.4,8.4,0,1,0.0,2,2,0,0,hardmmi01
791,John Hayden,29,SEA,C,1,0,0,0,0,2,0,0,0,0,0,0,0,0,,1,8.9,8.9,1,0,100.0,1,4,0,0,haydejo01
792,Connor Hellebuyck,31,WPG,G,34,0,0,0,0,0,0,0,0,0,0,0,0,0,,0,2045.75,60.17,0,0,,0,0,0,8,helleco01
793,Dennis Hildeby,23,TOR,G,5,0,0,0,0,0,0,0,0,0,0,0,0,0,,0,301.58,60.32,0,0,,0,0,0,3,hildede01
794,Adin Hill,28,VEG,G,27,0,0,0,0,2,0,0,0,0,0,0,0,0,,0,1583.77,58.65,0,0,,0,0,0,12,hillad01
795,Marcus Hogberg,30,NYI,G,4,0,0,0,0,0,0,0,0,0,0,0,0,0,,0,153.4,38.35,0,0,,0,0,0,1,hogbema01
796,Samuel Honzek,20,CGY,LW,5,0,0,0,-1,2,0,0,0,0,0,0,0,6,0.0,8,61.97,12.4,0,1,0.0,2,6,1,4,honzesa01
797,Justin Hryckowian,23,DAL,F,2,0,0,0,0,0,0,0,0,0,0,0,0,0,,1,13.33,6.67,1,0,100.0,0,3,0,2,hryckju01
798,Daemon Hunt,22,MIN,D,1,0,0,0,0,0,0,0,0,0,0,0,0,2,0.0,5,8.02,8.02,0,0,,2,0,1,0,huntda01
799,Ville Husso,29,DET,G,8,0,0,0,0,0,0,0,0,0,0,0,0,0,,0,380.57,47.57,0,0,,0,0,0,2,hussovi01
800,Ben Hutton,31,VEG,D,5,0,0,0,0,0,0,0,0,0,0,0,0,6,0.0,9,55.83,11.17,0,0,,5,3,0,0,huttobe01
801,Connor Ingram,27,UTA,G,14,0,0,0,0,2,0,0,0,0,0,0,0,0,,0,773.28,55.23,0,0,,0,0,0,4,ingraco01
802,Jere Innala,26,COL,F,10,0,0,0,-1,2,0,0,0,0,0,0,0,3,0.0,11,74.87,7.48,0,2,0.0,4,14,1,0,innalje01
803,Tristan Jarry,29,PIT,G,21,0,0,0,0,2,0,0,0,0,0,0,0,0,,0,1193.47,56.83,0,0,,0,0,0,7,jarrytr01
804,Jan Jenik,24,OTT,RW,1,0,0,0,-1,0,0,0,0,0,0,0,0,0,,1,7.53,7.53,0,0,,0,1,0,0,jenikja01
805,Jonas Johansson,29,TBL,G,10,0,0,0,0,0,0,0,0,0,0,0,0,0,,0,565.93,56.6,0,0,,0,0,0,4,johanjo03
806,Reese Johnson,26,MIN,F,3,0,0,0,0,0,0,0,0,0,0,0,0,1,0.0,3,28.58,9.53,0,0,,3,6,0,1,johnsre01
807,Ryan Johnson,23,BUF,D,3,0,0,0,-2,4,0,0,0,0,0,0,0,3,0.0,12,53.0,17.67,0,0,,4,1,0,2,johnsry03
808,Ben Jones,25,MIN,F,25,0,0,0,-3,10,0,0,0,0,0,0,0,23,0.0,50,211.88,8.48,11,13,45.8,11,49,2,9,jonesbe01
809,Caleb Jones,27,LAK,D,5,0,0,0,-2,2,0,0,0,0,0,0,0,6,0.0,15,64.05,12.82,0,0,,4,9,1,2,jonesca01
810,Max Jones,26,BOS,LW,4,0,0,0,-4,8,0,0,0,0,0,0,0,1,0.0,3,44.85,11.22,0,0,,1,8,0,1,jonesma03
811,Noah Juulsen,27,VAN,D,31,0,0,0,-10,21,0,0,0,0,0,0,0,23,0.0,63,514.0,16.58,0,0,,57,86,12,37,juulsno01
812,Kaapo Kahkonen,28,COL,G,1,0,0,0,0,0,0,0,0,0,0,0,0,0,,0,58.27,58.27,0,0,,0,0,0,0,kahkoka01
813,Arthur Kaliyev,23,NYR,RW,2,0,0,0,0,0,0,0,0,0,0,0,0,3,0.0,4,20.65,10.33,0,0,,1,3,0,0,kaliyar01
814,Linus Karlsson,25,VAN,C,2,0,0,0,-1,0,0,0,0,0,0,0,0,1,0.0,1,20.13,10.07,0,0,,0,1,0,0,karlsli01
815,Adam Klapka,24,CGY,F,6,0,0,0,1,8,0,0,0,0,0,0,0,7,0.0,13,50.93,8.48,2,2,50.0,7,20,1,1,klapkad01
816,Aleksei Kolosov,23,PHI,G,15,0,0,0,0,0,0,0,0,0,0,0,0,0,,0,783.1,52.2,0,0,,0,0,0,2,kolosal01
817,Kevin Korchinski,20,CHI,D,9,0,0,0,-5,4,0,0,0,0,0,0,0,7,0.0,20,150.97,16.77,0,0,,7,1,3,8,korchke01
818,Joonas Korpisalo,30,BOS,G,14,0,0,0,0,0,0,0,0,0,0,0,0,0,,0,817.2,58.37,0,0,,0,0,0,3,korpijo01
819,Darcy Kuemper,34,LAK,G,21,0,0,0,0,0,0,0,0,0,0,0,0,0,,0,1251.8,59.62,0,0,,0,0,0,2,kuempda01
820,William Lagesson,28,DET,D,2,0,0,0,-2,2,0,0,0,0,0,0,0,2,0.0,4,31.9,15.95,0,0,,2,1,0,5,lageswi01
821,Brad Lambert,21,WPG,C,4,0,0,0,-1,2,0,0,0,0,0,0,0,1,0.0,8,50.93,12.73,5,10,33.3,4,5,0,1,lambebr01
822,Kevin Lankinen,29,VAN,G,29,0,0,0,0,0,0,0,0,0,0,0,0,0,,0,1718.83,59.27,0,0,,0,0,0,6,lankike01
823,Nick Leddy,33,STL,D,4,0,0,0,-3,0,0,0,0,0,0,0,0,4,0.0,11,88.62,22.15,0,0,,5,0,2,8,leddyni01
824,Nathan Legare,24,NJD,RW,3,0,0,0,-1,0,0,0,0,0,0,0,0,3,0.0,4,32.03,10.68,0,0,,1,12,0,0,legarna01
825,Devon Levi,23,BUF,G,8,0,0,0,0,0,0,0,0,0,0,0,0,0,,0,422.78,52.85,0,0,,0,0,0,0,levide01
826,Charlie Lindgren,31,WSH,G,21,0,0,0,0,0,0,0,0,0,0,0,0,0,,0,1221.05,58.15,0,0,,0,0,0,6,lindgch01
827,Jett Luchanko,18,PHI,F,4,0,0,0,-3,2,0,0,0,0,0,0,0,3,0.0,10,56.22,14.05,17,20,45.9,0,6,1,1,luchaje01
828,Tristan Luneau,21,ANA,D,6,0,0,0,-5,2,0,0,0,0,0,0,0,6,0.0,16,99.33,16.55,0,0,,9,5,1,6,luneatr01
829,Olle Lycksell,25,PHI,RW,3,0,0,0,0,0,0,0,0,0,0,0,0,3,0.0,7,32.32,10.77,0,0,,0,1,1,1,lycksol01
830,Alex Lyon,32,DET,G,16,0,0,0,0,2,0,0,0,0,0,0,0,0,,0,841.53,52.6,0,0,,0,0,0,4,lyonal01
831,Fabian Lysell,22,BOS,RW,1,0,0,0,1,0,0,0,0,0,0,0,0,0,,0,11.53,11.53,0,0,,0,0,0,0,lyselfa01
832,Kurtis MacDermid,30,NJD,LW,16,0,0,0,-3,19,0,0,0,0,0,0,0,5,0.0,10,83.97,5.25,0,0,,5,25,0,6,macdeku01
833,Connor Mackey,28,NYR,D,2,0,0,0,0,5,0,0,0,0,0,0,0,1,0.0,4,32.25,16.13,0,0,,1,4,0,1,mackeco01
834,James Malatesta,21,CBJ,LW,2,0,0,0,-1,0,0,0,0,0,0,0,0,0,,1,21.13,10.57,1,0,100.0,1,6,1,4,malatja01
835,Jacob Markstrom,35,NJD,G,32,0,0,0,0,0,0,0,0,0,0,0,0,0,,0,1920.95,60.03,0,0,,0,0,0,15,marksja02
836,Spencer Martin,29,CAR,G,9,0,0,0,0,0,0,0,0,0,0,0,0,0,,0,415.98,46.22,0,0,,0,0,0,6,martisp01
837,Nikolas Matinpalo,26,OTT,D,5,0,0,0,-1,2,0,0,0,0,0,0,0,4,0.0,10,66.2,13.23,0,0,,2,5,1,5,matinni01
838,Rutger McGroarty,20,PIT,RW,3,0,0,0,-1,0,0,0,0,0,0,0,0,2,0.0,3,34.85,11.62,0,1,0.0,0,4,1,0,mcgroru01
839,Leevi Merilainen,22,OTT,G,6,0,0,0,0,0,0,0,0,0,0,0,0,0,,0,332.85,55.48,0,0,,0,0,0,1,merille01
840,Dakota Mermis,31,UTA,D,1,0,0,0,-2,2,0,0,0,0,0,0,0,2,0.0,5,10.78,10.78,0,0,,1,0,0,0,mermida01
841,Elvis Merzƒºikins,30,CBJ,G,28,0,0,0,0,4,0,0,0,0,0,0,0,0,,0,1689.8,60.35,0,0,,0,0,0,4,merzlel01
842,Ben Meyers,26,SEA,F,6,0,0,0,-2,2,0,0,0,0,0,0,0,3,0.0,7,50.23,8.37,19,18,51.4,1,4,1,1,meyerbe01
843,Keaton Middleton,26,COL,D,16,0,0,0,0,7,0,0,0,0,0,0,0,16,0.0,36,159.23,9.95,0,0,,12,27,1,12,middlke01
844,Sonny Milano,28,WSH,LW,3,0,0,0,-3,0,0,0,0,0,0,0,0,4,0.0,4,21.63,7.22,0,0,,0,1,0,1,milanso01
845,Michael Milne,22,MIN,LW,1,0,0,0,0,0,0,0,0,0,0,0,0,0,,0,6.57,6.57,0,0,,0,3,0,0,milnemi01
846,Trent Miner,23,COL,G,2,0,0,0,0,0,0,0,0,0,0,0,0,0,,0,91.63,45.82,0,0,,0,0,0,0,minertr01
847,Daniil Misyul,24,NJD,D,1,0,0,0,-1,0,0,0,0,0,0,0,0,0,,1,12.38,12.38,0,0,,1,1,0,1,misyuda01
848,Sam Montembeault,28,MTL,G,33,0,0,0,0,0,0,0,0,0,0,0,0,0,,0,1814.05,54.97,0,0,,0,0,0,3,montesa01
849,Mason Morelli,28,VEG,F,1,0,0,0,-1,0,0,0,0,0,0,0,0,0,,1,7.52,7.52,0,0,,0,4,0,0,morelma01
850,Petr Mrazek,32,CHI,G,26,0,0,0,0,0,0,0,0,0,0,0,0,0,,0,1460.68,56.18,0,0,,0,0,0,5,mrazepe01
851,Matt Murray,30,TOR,G,2,0,0,0,0,0,0,0,0,0,0,0,0,0,,0,118.65,59.33,0,0,,0,0,0,0,murrama02
852,Alex Nedeljkovic,29,PIT,G,19,0,0,0,0,2,0,0,0,0,0,0,0,0,,0,1111.97,58.52,0,0,,0,0,0,5,nedelal01
853,Alexander Nylander,26,TOR,LW,5,0,0,0,-1,4,0,0,0,0,0,0,0,4,0.0,8,49.43,9.88,3,1,75.0,0,0,1,3,nylanal01
854,Liam O'Brien,30,UTA,C,9,0,0,0,-1,19,0,0,0,0,0,0,0,12,0.0,21,83.55,9.28,0,0,,2,36,1,3,obrieli01
855,Liam Ohgren,21,MIN,LW,8,0,0,0,-2,0,0,0,0,0,0,0,0,10,0.0,17,79.05,9.88,0,0,,3,8,2,4,ohgreli01
856,Oskar Olausson,22,COL,RW,2,0,0,0,0,0,0,0,0,0,0,0,0,3,0.0,3,13.62,6.82,0,0,,2,1,0,2,olausos01
857,Yaniv Perets,24,CAR,G,1,0,0,0,0,0,0,0,0,0,0,0,0,0,,0,8.2,8.2,0,0,,0,0,0,0,peretya01
858,David Perron,36,OTT,LW,9,0,0,0,-4,0,0,0,0,0,0,0,0,25,0.0,39,118.23,13.13,0,0,,1,15,2,4,perroda01
859,Alexander Petrovic,32,DAL,D,3,0,0,0,-3,2,0,0,0,0,0,0,0,1,0.0,8,35.22,11.73,0,0,,3,8,0,2,petroal01
860,Michael Pezzetta,26,MTL,C,7,0,0,0,-2,6,0,0,0,0,0,0,0,4,0.0,11,44.97,6.42,1,3,25.0,3,21,1,4,pezzemi01
861,Calvin Pickard,32,EDM,G,16,0,0,0,0,0,0,0,0,0,0,0,0,0,,0,865.23,54.08,0,0,,0,0,0,9,pickaca01
862,Vasiliy Ponomarev,22,PIT,C,3,0,0,0,0,2,0,0,0,0,0,0,0,4,0.0,7,27.6,9.2,0,0,,1,1,1,1,ponomva01
863,Erik Portillo,24,LAK,G,1,0,0,0,0,0,0,0,0,0,0,0,0,0,,0,58.62,58.62,0,0,,0,0,0,0,portier01
864,Cayden Primeau,25,MTL,G,11,0,0,0,0,2,0,0,0,0,0,0,0,0,,0,523.7,47.62,0,0,,0,0,0,2,primeca01
865,Nikita Prishchepov,20,COL,C,10,0,0,0,0,0,0,0,0,0,0,0,0,4,0.0,10,63.67,6.37,0,0,,2,10,0,2,prishni01
866,Jonathan Quick,39,NYR,G,15,0,0,0,0,2,0,0,0,0,0,0,0,0,,0,805.27,53.68,0,0,,0,0,0,4,quickjo01
867,Mike Reilly,31,NYI,D,11,0,0,0,1,2,0,0,0,0,0,0,0,15,0.0,38,173.27,15.75,0,0,,4,3,1,12,reillmi01
868,James Reimer,36,BUF,G,9,0,0,0,0,0,0,0,0,0,0,0,0,0,,0,472.13,52.47,0,0,,0,0,0,1,reimeja01
869,David Rittich,32,LAK,G,21,0,0,0,0,2,0,0,0,0,0,0,0,0,,0,1118.78,53.28,0,0,,0,0,0,8,rittida01
870,Isak Rosen,21,BUF,RW,1,0,0,0,0,0,0,0,0,0,0,0,0,0,,0,6.48,6.48,0,0,,0,0,1,0,rosenis01
871,Joshua Roy,21,MTL,RW,4,0,0,0,-1,2,0,0,0,0,0,0,0,3,0.0,8,43.77,10.95,0,0,,1,1,1,1,royjo01
872,Jonas Rondbjerg,25,VEG,RW,7,0,0,0,-1,0,0,0,0,0,0,0,0,3,0.0,5,62.68,8.95,0,1,0.0,2,2,1,1,rondbjo01
873,Ilya Samsonov,27,VEG,G,16,0,0,0,0,2,0,0,0,0,0,0,0,0,,0,964.87,60.3,0,0,,0,0,0,3,samsoil01
874,Steven Santini,29,TBL,D,1,0,0,0,0,0,0,0,0,0,0,0,0,1,0.0,3,11.62,11.62,0,0,,2,1,0,0,santist01
875,Akira Schmid,24,VEG,G,1,0,0,0,0,0,0,0,0,0,0,0,0,0,,0,33.42,33.42,0,0,,0,0,0,0,schmiak01
876,Corey Schueneman,29,STL,D,4,0,0,0,0,0,0,0,0,0,0,0,0,4,0.0,9,56.2,14.05,0,0,,7,1,0,2,schueco01
877,Conor Sheary,32,TBL,LW,4,0,0,0,-2,4,0,0,0,0,0,0,0,3,0.0,7,45.37,11.35,0,0,,1,2,0,0,shearco01
878,Igor Shesterkin,29,NYR,G,29,0,0,0,0,2,0,0,0,0,0,0,0,0,,0,1630.92,56.23,0,0,,0,0,0,11,shestig01
879,Owen Sillinger,27,CBJ,F,1,0,0,0,0,2,0,0,0,0,0,0,0,0,,1,13.15,13.15,2,3,40.0,1,1,1,1,silliow01
880,Arturs Silovs,23,VAN,G,7,0,0,0,0,0,0,0,0,0,0,0,0,0,,0,365.0,52.15,0,0,,0,0,0,2,silovar01
881,Stuart Skinner,26,EDM,G,29,0,0,0,0,0,0,0,0,0,0,0,0,0,,0,1703.65,58.75,0,0,,0,0,0,15,skinnst01
882,Givani Smith,26,COL,RW,13,0,0,0,-3,18,0,0,0,0,0,0,0,5,0.0,10,82.23,6.33,0,0,,5,20,2,2,smithgi01
883,Arvid Soderblom,25,CHI,G,19,0,0,0,0,0,0,0,0,0,0,0,0,1,0.0,1,1085.37,57.12,0,0,,0,0,0,5,soderar01
884,Ilya Sorokin,29,NYI,G,30,0,0,0,0,2,0,0,0,0,0,0,0,0,,0,1762.22,58.73,0,0,,0,0,0,2,sorokil01
885,Spencer Stastney,25,NSH,D,4,0,0,0,-2,0,0,0,0,0,0,0,0,2,0.0,7,66.47,16.62,0,0,,4,0,1,8,stastsp01
886,Jaxson Stauber,25,UTA,G,4,0,0,0,0,0,0,0,0,0,0,0,0,0,,0,242.42,60.6,0,0,,0,0,0,1,staubja01
887,Alex Steeves,25,TOR,F,4,0,0,0,0,0,0,0,0,0,0,0,0,5,0.0,8,44.08,11.02,0,0,,0,11,0,0,steeval02
888,Matthew Stienburg,24,COL,C,8,0,0,0,0,22,0,0,0,0,0,0,0,4,0.0,8,48.72,6.08,0,0,,1,16,0,3,stienma01
889,Anthony Stolarz,31,TOR,G,17,0,0,0,0,0,0,0,0,0,0,0,0,0,,0,976.32,57.43,0,0,,0,0,0,4,stolaan01
890,Jeremy Swayman,26,BOS,G,32,0,0,0,0,0,0,0,0,0,0,0,0,0,,0,1893.72,59.18,0,0,,0,0,0,15,swaymje01
891,Mads Sogaard,24,OTT,G,2,0,0,0,0,2,0,0,0,0,0,0,0,0,,0,91.55,45.78,0,0,,0,0,0,0,sogaama01
892,Cam Talbot,37,DET,G,23,0,0,0,0,0,0,0,0,0,0,0,0,0,,0,1249.9,54.35,0,0,,0,0,0,4,talboca01
893,Logan Thompson,27,WSH,G,23,0,0,0,0,0,0,0,0,0,0,0,0,0,,0,1368.47,59.5,0,0,,0,0,0,4,thomplo01
894,Dustin Tokarski,35,CAR,G,5,0,0,0,0,0,0,0,0,0,0,0,0,0,,0,300.6,60.12,0,0,,0,0,0,2,tokardu01
895,Dominic Toninato,30,WPG,C,1,0,0,0,0,0,0,0,0,0,0,0,0,1,0.0,1,9.28,9.28,0,0,,0,0,0,1,tonindo01
896,Riley Tufte,26,BOS,LW,3,0,0,0,-3,4,0,0,0,0,0,0,0,0,,0,24.02,8.0,0,1,0.0,0,3,0,1,tufteri01
897,Semyon Varlamov,36,NYI,G,10,0,0,0,0,0,0,0,0,0,0,0,0,0,,0,602.4,60.23,0,0,,0,0,0,4,varlasi01
898,Andrei Vasilevskiy,30,TBL,G,32,0,0,0,0,4,0,0,0,0,0,0,0,0,,0,1879.93,58.75,0,0,,0,0,0,10,vasilan02
899,Karel Vejmelka,28,UTA,G,26,0,0,0,0,0,0,0,0,0,0,0,0,0,,0,1515.1,58.27,0,0,,0,0,0,8,vejmeka01
900,Jeffrey Viel,28,BOS,F,1,0,0,0,0,7,0,0,0,0,0,0,0,0,,0,8.48,8.48,0,0,,0,3,0,2,vielje01
901,Jesper Wallstedt,22,MIN,G,2,0,0,0,0,2,0,0,0,0,0,0,0,0,,0,117.43,58.72,0,0,,0,0,0,0,wallsje01
902,Austin Watson,33,DET,LW,2,0,0,0,-2,2,0,0,0,0,0,0,0,1,0.0,1,14.0,7.0,0,0,,0,6,0,1,watsoau01
903,Scott Wedgewood,32,COL,G,12,0,0,0,0,0,0,0,0,0,0,0,0,0,,0,642.88,53.57,0,0,,0,0,0,4,wedgesc01
904,Ozzy Wiesblatt,22,NSH,RW,2,0,0,0,0,0,0,0,0,0,0,0,0,0,,1,20.38,10.2,0,0,,1,4,0,0,wiesboz01
905,Joseph Woll,26,TOR,G,21,0,0,0,0,0,0,0,0,0,0,0,0,0,,0,1232.08,58.67,0,0,,0,0,0,6,wolljo01
906,Kailer Yamamoto,26,UTA,RW,3,0,0,0,-1,0,0,0,0,0,0,0,0,1,0.0,2,32.02,10.67,2,0,100.0,0,2,0,0,yamamka01
